state,category,category_description,taxable,treatment,conditions,effective_date,source_url,retrieved_at
AK,goods.electronics,,True,taxable,"{""note"": ""No state sales tax. Taxable at the borough and city rate where the buyer takes delivery. Many Alaska jurisdictions tax only the first part of a single sale (for example Juneau $15,000, Kenai Peninsula Borough $500); caps are not applied here."", ""local_only"": true}",2020-01-06,https://arsstc.org/wp-content/uploads/2024/09/Uniform-Code_2024-revisions_final_070824.pdf,2026-09-28
AK,goods.furniture,,True,taxable,"{""note"": ""No state sales tax. Taxable at the borough and city rate where the buyer takes delivery. Many Alaska jurisdictions tax only the first part of a single sale (for example Juneau $15,000, Kenai Peninsula Borough $500); caps are not applied here."", ""local_only"": true}",2020-01-06,https://arsstc.org/wp-content/uploads/2024/09/Uniform-Code_2024-revisions_final_070824.pdf,2026-09-28
AK,goods.general,,True,taxable,"{""note"": ""No state sales tax. Taxable at the borough and city rate where the buyer takes delivery. Many Alaska jurisdictions tax only the first part of a single sale (for example Juneau $15,000, Kenai Peninsula Borough $500); caps are not applied here."", ""local_only"": true}",2020-01-06,https://arsstc.org/wp-content/uploads/2024/09/Uniform-Code_2024-revisions_final_070824.pdf,2026-09-28
AL,clothing.accessories,"Handbags, belts, jewelry, watches.",True,taxable,{},2026-05-21,https://www.revenue.alabama.gov/sales-use/,2026-05-21
AL,clothing.athletic,Sports and performance apparel; team uniforms; non-protective athletic gear.,True,conditional,"{""tax_holiday"": {""scope"": ""full"", ""windows"": [{""end"": ""2026-07-19"", ""start"": ""2026-07-17""}], ""price_cap_cents"": 15600}}",2026-05-21,https://www.revenue.alabama.gov/sales-use/sales-tax-holidays/,2026-05-22
AL,clothing.formal,"Suits, gowns, ties, dress shirts not for everyday wear.",True,conditional,"{""tax_holiday"": {""scope"": ""full"", ""windows"": [{""end"": ""2026-07-19"", ""start"": ""2026-07-17""}], ""price_cap_cents"": 15600}}",2026-05-21,https://www.revenue.alabama.gov/sales-use/sales-tax-holidays/,2026-05-22
AL,clothing.general,"Everyday wearing apparel; t-shirts, jeans, dresses, jackets.",True,conditional,"{""tax_holiday"": {""scope"": ""full"", ""windows"": [{""end"": ""2026-07-19"", ""start"": ""2026-07-17""}], ""price_cap_cents"": 15600}}",2026-05-21,https://www.revenue.alabama.gov/sales-use/sales-tax-holidays/,2026-05-22
AL,clothing.protective,"Helmets, safety boots, protective work gear, hazard equipment.",True,conditional,"{""note"": ""Manufacturing/abatement equipment may qualify; consumer PPE taxable."", ""business_use_exempt"": true}",2026-05-21,https://www.revenue.alabama.gov/sales-use/,2026-05-21
AL,digital.download,"Permanent-license software, e-books, music downloads, games.",True,taxable,"{""note"": ""Prewritten software downloads taxable as tangible personal property.""}",2026-05-21,https://www.revenue.alabama.gov/sales-use/,2026-05-21
AL,digital.saas,"Subscription software accessed via the web; CRMs, productivity tools.",True,taxable,"{""note"": ""Alabama taxes all computer software regardless of delivery method, including remotely accessed software (Ex parte Russell County Community Hospital, 2019).""}",2026-05-21,https://www.revenue.alabama.gov/sales-use/,2026-05-21
AL,digital.streaming,Streaming services; on-demand video/music with no permanent copy.,False,needs_research,"{""note"": ""Alabama's treatment of streaming and other non-software digital products after Ex parte Russell County is unsettled.""}",2026-05-21,https://www.revenue.alabama.gov/sales-use/,2026-05-21
AL,digital_products.ebook,,True,taxable,{},2024-01-01,,2026-05-18
AL,digital_products.music,,True,taxable,{},2024-01-01,,2026-05-18
AL,digital_products.streaming,,True,taxable,{},2024-01-01,,2026-05-18
AL,digital_products.video,,True,taxable,{},2024-01-01,,2026-05-18
AL,food.bottled_water,"Plain, still, unsweetened, unflavored bottled drinking water (spring, mineral, distilled, or purified) sold in a sealed retail container. Excludes flavored, sweetened, or carbonated water, which is taxed as a soft drink under food.candy_soda.",True,reduced_rate,"{""note"": ""SNAP-eligible food (plain bottled water qualifies) taxed at the state's reduced grocery rate; water bearing a Supplement Facts label instead of a Nutrition Facts label is not SNAP-eligible and is taxed at the full 4% rate; full local sales tax still applies on top of the reduced state rate."", ""local_may_tax"": true}",2026-08-05,https://www.revenue.alabama.gov/notice-state-sales-and-use-tax-rate-reduced-on-food-beginning-september-1-2025/,2026-08-05
AL,food.candy,,True,taxable,{},2024-01-01,,2026-05-18
AL,food.dietary_supplements,,True,taxable,{},2024-01-01,,2026-05-18
AL,food.grocery,Unprepared groceries; staples; produce; meat; dairy.,True,reduced_rate,{},2026-07-01,,2026-05-18
AL,food.prepared,"Restaurant meals, takeout, food sold for immediate consumption.",True,taxable,{},2026-05-21,https://www.revenue.alabama.gov/sales-use/,2026-05-21
AL,food.soft_drinks,,True,taxable,{},2024-01-01,,2026-05-18
AL,goods.electronics,,True,taxable,{},2024-01-01,,2026-05-18
AL,goods.furniture,,True,taxable,{},2024-01-01,,2026-05-18
AL,goods.general,,True,taxable,{},2024-01-01,,2026-05-18
AL,hygiene.diapers,"Infant/baby diapers and adult incontinence products (briefs, liners, underpads), cloth or disposable.",False,exempt,"{""note"": ""State 4% exemption only, temporary (sunsets 2028-08-31); local tax may still apply."", ""scope"": ""both"", ""local_may_tax"": true, ""temporary_until"": ""2028-08-31""}",2026-08-05,https://www.revenue.alabama.gov/sales-use/,2026-08-05
AL,hygiene.menstrual,"Menstrual and feminine hygiene products: tampons, sanitary pads, pantyliners, menstrual cups, and period underwear.",True,conditional,"{""note"": ""Temporary state 4% exemption (sunsets 2028-08-31); local tax still applies; period underwear excluded."", ""local_may_tax"": true, ""temporary_until"": ""2028-08-31"", ""period_underwear_excluded"": true}",2026-08-05,https://www.revenue.alabama.gov/sales-use/,2026-08-05
AL,medical.devices,,False,exempt,{},2024-01-01,,2026-05-18
AL,medical.equipment,"Wheelchairs, hearing aids, prosthetics, durable medical equipment.",True,conditional,"{""note"": ""DME and prosthetics exempt when prescribed (Ala. Code 40-23-4)."", ""prescription_required"": true}",2026-05-21,https://www.revenue.alabama.gov/sales-use/,2026-05-21
AL,medical.otc,Over-the-counter medications.,True,taxable,"{""note"": ""OTC taxable unless dispensed by prescription.""}",2026-05-21,https://www.revenue.alabama.gov/sales-use/,2026-05-21
AL,medical.otc_drugs,,True,taxable,{},2024-01-01,,2026-05-18
AL,medical.prescription_drugs,,False,exempt,{},2024-01-01,,2026-05-18
AL,medical.rx,Prescription drugs (typically exempt nationwide).,False,exempt,{},2026-05-21,https://www.revenue.alabama.gov/sales-use/,2026-05-21
AL,publications.books,,True,taxable,{},2024-01-01,,2026-05-18
AL,publications.magazines,,True,taxable,{},2024-01-01,,2026-05-18
AL,publications.newspapers,,False,exempt,{},2024-01-01,,2026-05-18
AL,publications.textbooks,"Required course and college textbooks, printed or digital, as distinct from general trade books. Many states exempt these only when sold by a school or to an enrolled student.",True,conditional,"{""note"": ""Exempt only for books sold by K-12 public/private schools; college textbooks taxable."", ""exempt_if"": ""sold_by_k12_school""}",2026-08-05,https://www.revenue.alabama.gov/sales-use/,2026-08-05
AL,services.ai_api,,False,exempt,{},2024-01-01,,2026-05-18
AL,services.data_processing,,False,exempt,{},2024-01-01,,2026-05-18
AL,services.personal_care,,False,exempt,{},2024-01-01,,2026-05-18
AL,services.professional,,False,exempt,{},2024-01-01,,2026-05-18
AL,services.repair,,True,taxable,{},2024-01-01,,2026-05-18
AL,services.web_hosting,,False,exempt,{},2024-01-01,,2026-05-18
AL,software.custom,,False,exempt,{},2024-01-01,,2026-05-18
AL,software.prewritten,,True,taxable,{},2024-01-01,,2026-05-18
AL,software.saas,,False,needs_research,"{""note"": ""Alabama taxes computer software regardless of form of transmission (r. 810-6-1-.37), but ALDOR has issued no published guidance on remotely accessed software (SaaS). Unresolved; TaxLocus does not apply tax.""}",2024-01-01,https://admincode.legislature.state.al.us/api/rule/810-6-1-.37,2026-09-28
AR,clothing.accessories,"Handbags, belts, jewelry, watches.",True,taxable,{},2026-05-21,https://www.dfa.arkansas.gov/excise-tax/sales-and-use-tax/,2026-05-21
AR,clothing.athletic,Sports and performance apparel; team uniforms; non-protective athletic gear.,True,conditional,"{""tax_holiday"": {""scope"": ""full"", ""windows"": [{""end"": ""2026-08-02"", ""start"": ""2026-08-01""}], ""price_cap_cents"": 10000}}",2026-05-21,https://www.dfa.arkansas.gov/excise-tax/sales-and-use-tax/sales-tax-holiday/,2026-05-21
AR,clothing.formal,"Suits, gowns, ties, dress shirts not for everyday wear.",True,conditional,"{""tax_holiday"": {""scope"": ""full"", ""windows"": [{""end"": ""2026-08-02"", ""start"": ""2026-08-01""}], ""price_cap_cents"": 10000}}",2026-05-21,https://www.dfa.arkansas.gov/excise-tax/sales-and-use-tax/sales-tax-holiday/,2026-05-21
AR,clothing.general,"Everyday wearing apparel; t-shirts, jeans, dresses, jackets.",True,conditional,"{""tax_holiday"": {""scope"": ""full"", ""windows"": [{""end"": ""2026-08-02"", ""start"": ""2026-08-01""}], ""price_cap_cents"": 10000}}",2026-05-21,https://www.dfa.arkansas.gov/excise-tax/sales-and-use-tax/sales-tax-holiday/,2026-05-21
AR,clothing.protective,"Helmets, safety boots, protective work gear, hazard equipment.",True,conditional,"{""note"": ""Manufacturing safety equipment may qualify for the manufacturing exemption; consumer PPE taxable."", ""business_use_exempt"": true}",2026-05-21,https://www.dfa.arkansas.gov/excise-tax/sales-and-use-tax/,2026-05-21
AR,digital.download,"Permanent-license software, e-books, music downloads, games.",True,taxable,"{""note"": ""Specified digital products and prewritten software taxable (Act 141, 2017).""}",2026-05-21,https://www.dfa.arkansas.gov/excise-tax/sales-and-use-tax/,2026-05-21
AR,digital.saas,"Subscription software accessed via the web; CRMs, productivity tools.",False,exempt,"{""note"": ""AR does not tax SaaS / remotely accessed software.""}",2026-05-21,https://www.dfa.arkansas.gov/excise-tax/sales-and-use-tax/,2026-05-21
AR,digital.streaming,Streaming services; on-demand video/music with no permanent copy.,True,taxable,"{""note"": ""Specified digital products including streaming taxable.""}",2026-05-21,https://www.dfa.arkansas.gov/excise-tax/sales-and-use-tax/,2026-05-21
AR,digital_products.ebook,,True,taxable,{},2024-01-01,,2026-05-18
AR,digital_products.music,,True,taxable,{},2024-01-01,,2026-05-18
AR,digital_products.streaming,,True,taxable,{},2024-01-01,,2026-05-18
AR,digital_products.video,,True,taxable,{},2024-01-01,,2026-05-18
AR,food.bottled_water,"Plain, still, unsweetened, unflavored bottled drinking water (spring, mineral, distilled, or purified) sold in a sealed retail container. Excludes flavored, sweetened, or carbonated water, which is taxed as a soft drink under food.candy_soda.",False,exempt,"{""note"": ""State sales tax on qualifying food/food ingredients (plain water is not a statutory soft drink) fully eliminated; local tax still applies."", ""local_may_tax"": true}",2026-08-05,https://arkleg.state.ar.us/Home/FTPDocument?path=%2FACTS%2F2025R%2FPublic%2FACT1008.pdf,2026-08-05
AR,food.candy,,True,taxable,{},2024-01-01,,2026-05-18
AR,food.candy_soda,"Candy, soda, sweetened beverages (often taxed where groceries aren't).",True,taxable,"{""note"": ""Candy and soft drinks excluded from the reduced food rate (full state + local).""}",2026-05-21,https://www.dfa.arkansas.gov/excise-tax/sales-and-use-tax/,2026-05-21
AR,food.dietary_supplements,,True,taxable,{},2024-01-01,,2026-05-18
AR,food.grocery,Unprepared groceries; staples; produce; meat; dairy.,True,conditional,"{""note"": ""The state sales tax on food and food ingredients was repealed from 2026-01-01 (Act 1008 of 2025). City and county sales taxes still apply at their full rates. Candy and soft drinks are not food and food ingredients in Arkansas and stay taxable at 6.5% plus local."", ""state_exempt"": true, ""local_taxable"": true}",2026-01-01,https://www.dfa.arkansas.gov/wp-content/uploads/Whatsnew2025.pdf,2026-09-28
AR,food.prepared,"Restaurant meals, takeout, food sold for immediate consumption.",True,taxable,{},2026-05-21,https://www.dfa.arkansas.gov/excise-tax/sales-and-use-tax/,2026-05-21
AR,food.soft_drinks,,True,taxable,{},2024-01-01,,2026-05-18
AR,goods.electronics,,True,taxable,{},2024-01-01,,2026-05-18
AR,goods.furniture,,True,taxable,{},2024-01-01,,2026-05-18
AR,goods.general,,True,taxable,{},2024-01-01,,2026-05-18
AR,hygiene.diapers,"Infant/baby diapers and adult incontinence products (briefs, liners, underpads), cloth or disposable.",True,taxable,{},2026-08-05,,2026-05-18
AR,hygiene.menstrual,"Menstrual and feminine hygiene products: tampons, sanitary pads, pantyliners, menstrual cups, and period underwear.",True,taxable,"{""note"": ""Not eligible for the reduced grocery rate.""}",2026-08-05,,2026-05-18
AR,medical.devices,,False,exempt,{},2024-01-01,,2026-05-18
AR,medical.equipment,"Wheelchairs, hearing aids, prosthetics, durable medical equipment.",True,conditional,"{""note"": ""DME and prosthetics exempt when prescribed."", ""prescription_required"": true}",2026-05-21,https://www.dfa.arkansas.gov/excise-tax/sales-and-use-tax/,2026-05-21
AR,medical.otc,Over-the-counter medications.,True,taxable,"{""note"": ""OTC taxable unless dispensed by prescription.""}",2026-05-21,https://www.dfa.arkansas.gov/excise-tax/sales-and-use-tax/,2026-05-21
AR,medical.otc_drugs,,True,taxable,{},2024-01-01,,2026-05-18
AR,medical.prescription_drugs,,False,exempt,{},2024-01-01,,2026-05-18
AR,medical.rx,Prescription drugs (typically exempt nationwide).,False,exempt,{},2026-05-21,https://www.dfa.arkansas.gov/excise-tax/sales-and-use-tax/,2026-05-21
AR,publications.books,,True,taxable,{},2024-01-01,,2026-05-18
AR,publications.magazines,,True,taxable,{},2024-01-01,,2026-05-18
AR,publications.newspapers,,False,exempt,{},2024-01-01,,2026-05-18
AR,publications.textbooks,"Required course and college textbooks, printed or digital, as distinct from general trade books. Many states exempt these only when sold by a school or to an enrolled student.",True,taxable,"{""note"": ""Taxable except during the August back-to-school sales-tax holiday.""}",2026-08-05,,2026-05-18
AR,services.ai_api,,False,exempt,{},2024-01-01,,2026-05-18
AR,services.data_processing,,False,exempt,{},2024-01-01,,2026-05-18
AR,services.personal_care,,False,exempt,{},2024-01-01,,2026-05-18
AR,services.professional,,False,exempt,{},2024-01-01,,2026-05-18
AR,services.repair,,True,taxable,{},2024-01-01,,2026-05-18
AR,services.web_hosting,,False,exempt,{},2024-01-01,,2026-05-18
AR,software.custom,,False,exempt,{},2024-01-01,,2026-05-18
AR,software.prewritten,,False,exempt,{},2024-01-01,,2026-05-18
AR,software.saas,,False,exempt,{},2024-01-01,,2026-05-18
AZ,clothing.accessories,"Handbags, belts, jewelry, watches.",True,taxable,{},2026-05-21,https://azdor.gov/transaction-privilege-tax/retail-sales-subject-tpt,2026-05-21
AZ,clothing.athletic,Sports and performance apparel; team uniforms; non-protective athletic gear.,True,taxable,{},2026-05-21,https://azdor.gov/transaction-privilege-tax/retail-sales-subject-tpt,2026-05-21
AZ,clothing.formal,"Suits, gowns, ties, dress shirts not for everyday wear.",True,taxable,{},2026-05-21,https://azdor.gov/transaction-privilege-tax/retail-sales-subject-tpt,2026-05-21
AZ,clothing.general,"Everyday wearing apparel; t-shirts, jeans, dresses, jackets.",True,taxable,{},2026-05-21,https://azdor.gov/transaction-privilege-tax/retail-sales-subject-tpt,2026-05-21
AZ,clothing.protective,"Helmets, safety boots, protective work gear, hazard equipment.",True,conditional,"{""note"": ""Machinery/equipment used in manufacturing may be exempt; consumer PPE taxable."", ""business_use_exempt"": true}",2026-05-21,https://azdor.gov/transaction-privilege-tax/retail-sales-subject-tpt,2026-05-21
AZ,digital.download,"Permanent-license software, e-books, music downloads, games.",True,taxable,"{""note"": ""Prewritten software and digital goods taxable under TPT.""}",2026-05-21,https://azdor.gov/transaction-privilege-tax,2026-05-21
AZ,digital.saas,"Subscription software accessed via the web; CRMs, productivity tools.",True,taxable,"{""note"": ""AZ taxes prewritten software and SaaS under the personal-property rental TPT classification.""}",2026-05-21,https://azdor.gov/transaction-privilege-tax,2026-05-21
AZ,digital.streaming,Streaming services; on-demand video/music with no permanent copy.,False,needs_research,"{""note"": ""AZ streaming taxability under the rental classification is contested and has shifted with litigation; cell pending authoritative confirmation.""}",2026-05-21,https://azdor.gov/transaction-privilege-tax,2026-05-21
AZ,digital_products.ebook,,True,taxable,{},2024-01-01,,2026-05-18
AZ,digital_products.music,,True,taxable,{},2024-01-01,,2026-05-18
AZ,digital_products.streaming,,True,taxable,{},2024-01-01,,2026-05-18
AZ,digital_products.video,,True,taxable,{},2024-01-01,,2026-05-18
AZ,food.bottled_water,"Plain, still, unsweetened, unflavored bottled drinking water (spring, mineral, distilled, or purified) sold in a sealed retail container. Excludes flavored, sweetened, or carbonated water, which is taxed as a soft drink under food.candy_soda.",False,exempt,"{""note"": ""State TPT exempts food for home consumption incl. bottled water; individual cities may separately elect to tax food under the Model City Tax Code."", ""local_may_tax"": true}",2026-08-05,https://azdor.gov/model-city-tax-code/articles-and-sections/retail-sales-food-home-consumption,2026-08-05
AZ,food.candy,,True,conditional,"{""note"": ""Candy is exempt food for home consumption under state TPT. Cities may tax food for home consumption, uniformly for all food; county taxes follow the state exemption. TaxLocus applies the local rate, which overstates in cities that do not tax food."", ""state_exempt"": true, ""local_taxable"": true}",2024-01-01,https://www.azleg.gov/ars/42/05106.htm,2026-09-28
AZ,food.candy_soda,"Candy, soda, sweetened beverages (often taxed where groceries aren't).",True,conditional,"{""note"": ""Candy and soft drinks fall within AZ's food-for-home-consumption definition; locals may tax."", ""state_exempt"": true, ""local_taxable"": true}",2026-05-21,https://www.azleg.gov/ars/42/05102.htm,2026-05-21
AZ,food.dietary_supplements,,True,taxable,{},2024-01-01,,2026-05-18
AZ,food.grocery,Unprepared groceries; staples; produce; meat; dairy.,True,conditional,"{""note"": ""Food for home consumption exempt from state TPT (A.R.S. §42-5102); many cities still tax it at the local layer."", ""state_exempt"": true, ""local_taxable"": true}",2026-05-21,https://www.azleg.gov/ars/42/05102.htm,2026-05-21
AZ,food.prepared,"Restaurant meals, takeout, food sold for immediate consumption.",True,taxable,{},2026-05-21,https://www.azleg.gov/ars/42/05102.htm,2026-05-21
AZ,food.soft_drinks,,True,conditional,"{""note"": ""Sealed soft drinks for home consumption are deemed food (A.R.S. 42-5106(D)), exempt from state TPT. Cities may tax food uniformly; TaxLocus applies the local rate, which overstates in cities that do not tax food."", ""state_exempt"": true, ""local_taxable"": true}",2024-01-01,https://www.azleg.gov/ars/42/05106.htm,2026-09-28
AZ,goods.electronics,,True,taxable,{},2024-01-01,,2026-05-18
AZ,goods.furniture,,True,taxable,{},2024-01-01,,2026-05-18
AZ,goods.general,,True,taxable,{},2024-01-01,,2026-05-18
AZ,hygiene.diapers,"Infant/baby diapers and adult incontinence products (briefs, liners, underpads), cloth or disposable.",True,taxable,"{""note"": ""No exemption confirmed; AZ DOR page was unreachable at curation time.""}",2026-08-05,,2026-05-18
AZ,hygiene.menstrual,"Menstrual and feminine hygiene products: tampons, sanitary pads, pantyliners, menstrual cups, and period underwear.",True,taxable,"{""note"": ""2026 exemption bill pending, not effective.""}",2026-08-05,,2026-05-18
AZ,medical.devices,,False,exempt,{},2024-01-01,,2026-05-18
AZ,medical.equipment,"Wheelchairs, hearing aids, prosthetics, durable medical equipment.",True,conditional,"{""note"": ""Prosthetic appliances and DME exempt when prescribed (§42-5061(A)(9))."", ""prescription_required"": true}",2026-05-21,https://www.azleg.gov/ars/42/05061.htm,2026-05-21
AZ,medical.otc,Over-the-counter medications.,True,taxable,"{""note"": ""OTC taxable unless prescribed.""}",2026-05-21,https://www.azleg.gov/ars/42/05061.htm,2026-05-21
AZ,medical.otc_drugs,,True,taxable,{},2024-01-01,,2026-05-18
AZ,medical.prescription_drugs,,False,exempt,{},2024-01-01,,2026-05-18
AZ,medical.rx,Prescription drugs (typically exempt nationwide).,False,exempt,{},2026-05-21,https://www.azleg.gov/ars/42/05061.htm,2026-05-21
AZ,publications.books,,True,taxable,{},2024-01-01,,2026-05-18
AZ,publications.magazines,,True,taxable,{},2024-01-01,,2026-05-18
AZ,publications.newspapers,,False,exempt,{},2024-01-01,,2026-05-18
AZ,publications.textbooks,"Required course and college textbooks, printed or digital, as distinct from general trade books. Many states exempt these only when sold by a school or to an enrolled student.",True,conditional,"{""note"": ""Exempt if required by a state university/community college and sold by a bookstore; large home-rule cities may still levy TPT."", ""exempt_if"": ""required_by_university_and_bookstore_sold"", ""local_may_tax"": true}",2026-08-05,https://www.azleg.gov,2026-08-05
AZ,services.ai_api,,True,taxable,{},2024-01-01,,2026-05-18
AZ,services.data_processing,,False,exempt,{},2024-01-01,,2026-05-18
AZ,services.personal_care,,False,exempt,{},2024-01-01,,2026-05-18
AZ,services.professional,,False,exempt,{},2024-01-01,,2026-05-18
AZ,services.repair,,True,taxable,{},2024-01-01,,2026-05-18
AZ,services.web_hosting,,False,exempt,{},2024-01-01,,2026-05-18
AZ,software.custom,,False,exempt,{},2024-01-01,,2026-05-18
AZ,software.prewritten,,True,taxable,{},2024-01-01,,2026-05-18
AZ,software.saas,,True,taxable,{},2024-01-01,,2026-05-18
CA,clothing.accessories,"Handbags, belts, jewelry, watches.",True,taxable,{},2026-05-20,https://www.cdtfa.ca.gov/formspubs/pub113/,2026-05-20
CA,clothing.athletic,Sports and performance apparel; team uniforms; non-protective athletic gear.,True,taxable,{},2026-05-20,https://www.cdtfa.ca.gov/formspubs/pub113/,2026-05-20
CA,clothing.formal,"Suits, gowns, ties, dress shirts not for everyday wear.",True,taxable,{},2026-05-20,https://www.cdtfa.ca.gov/formspubs/pub113/,2026-05-20
CA,clothing.general,"Everyday wearing apparel; t-shirts, jeans, dresses, jackets.",True,taxable,{},2026-05-20,https://www.cdtfa.ca.gov/formspubs/pub113/,2026-05-20
CA,clothing.protective,"Helmets, safety boots, protective work gear, hazard equipment.",True,conditional,"{""note"": ""Safety equipment purchased by an employer for employees may be exempt under CDTFA Reg 1525; consumer purchases are taxable."", ""business_use_exempt"": true}",2026-05-20,https://www.cdtfa.ca.gov/formspubs/pub113/,2026-05-20
CA,digital.download,"Permanent-license software, e-books, music downloads, games.",False,exempt,"{""note"": ""Electronic delivery of software, e-books, music, video without tangible media is not subject to CA sales tax.""}",2026-05-20,https://www.cdtfa.ca.gov/formspubs/pub113/,2026-05-20
CA,digital.saas,"Subscription software accessed via the web; CRMs, productivity tools.",False,exempt,"{""note"": ""CA does not impose sales tax on SaaS or pure electronic downloads — only on tangible storage media.""}",2026-05-20,https://www.cdtfa.ca.gov/formspubs/pub113/,2026-05-20
CA,digital.streaming,Streaming services; on-demand video/music with no permanent copy.,False,exempt,{},2026-05-20,https://www.cdtfa.ca.gov/formspubs/pub113/,2026-05-20
CA,digital_products.ebook,,False,exempt,{},2024-01-01,,2026-05-18
CA,digital_products.music,,False,exempt,{},2024-01-01,,2026-05-18
CA,digital_products.streaming,,False,exempt,{},2024-01-01,,2026-05-18
CA,digital_products.video,,False,exempt,{},2024-01-01,,2026-05-18
CA,food.bottled_water,"Plain, still, unsweetened, unflavored bottled drinking water (spring, mineral, distilled, or purified) sold in a sealed retail container. Excludes flavored, sweetened, or carbonated water, which is taxed as a soft drink under food.candy_soda.",False,exempt,"{""note"": ""Applies to noncarbonated, noneffervescent bottled water regardless of container size or delivery method; carbonated/effervescent water is taxable.""}",2026-08-05,https://www.law.cornell.edu/regulations/california/18-CCR-1602,2026-08-05
CA,food.candy,,False,exempt,"{""note"": ""Candy, confectionery and chewing gum are food products (Reg. 1602), exempt when not sold as a meal or hot prepared food.""}",2024-01-01,https://www.cdtfa.ca.gov/lawguides/vol1/sutr/1602.html,2026-09-28
CA,food.candy_soda,"Candy, soda, sweetened beverages (often taxed where groceries aren't).",True,conditional,"{""note"": ""CA treats most candy as food (exempt for off-premises); carbonated/sweetened soft drinks are taxable."", ""candy_treated_as_food"": true, ""carbonated_soda_taxable"": true}",2026-05-20,https://www.cdtfa.ca.gov/formspubs/pub22/,2026-05-20
CA,food.dietary_supplements,,True,taxable,{},2024-01-01,,2026-05-18
CA,food.grocery,Unprepared groceries; staples; produce; meat; dairy.,False,exempt,"{""note"": ""CA exempts food for human consumption sold for off-premises consumption; hot prepared foods, carbonated drinks, and alcoholic beverages remain taxable."", ""hot_prepared_taxable"": true, ""carbonated_beverages_taxable"": true}",2026-05-20,https://www.cdtfa.ca.gov/formspubs/pub22/,2026-05-20
CA,food.prepared,"Restaurant meals, takeout, food sold for immediate consumption.",True,taxable,"{""note"": ""Hot prepared food, restaurant meals, takeout-for-immediate-consumption all taxable.""}",2026-05-20,https://www.cdtfa.ca.gov/formspubs/pub22/,2026-05-20
CA,food.soft_drinks,,True,conditional,"{""note"": ""Carbonated soft drinks are taxable (Reg. 1602). Noncarbonated sweetened drinks are exempt food products; TaxLocus applies the carbonated (taxable) treatment."", ""carbonated_beverages_taxable"": true}",2024-01-01,https://www.cdtfa.ca.gov/lawguides/vol1/sutr/1602.html,2026-09-28
CA,goods.electronics,,True,taxable,{},2024-01-01,,2026-05-18
CA,goods.furniture,,True,taxable,{},2024-01-01,,2026-05-18
CA,goods.general,,True,taxable,{},2024-01-01,,2026-05-18
CA,hygiene.diapers,"Infant/baby diapers and adult incontinence products (briefs, liners, underpads), cloth or disposable.",True,conditional,"{""note"": ""Children's diapers exempt; adult incontinence taxable."", ""scope"": ""infant_only""}",2026-08-05,https://www.cdtfa.ca.gov,2026-08-05
CA,hygiene.menstrual,"Menstrual and feminine hygiene products: tampons, sanitary pads, pantyliners, menstrual cups, and period underwear.",False,exempt,{},2026-08-05,https://www.cdtfa.ca.gov,2026-08-05
CA,medical.devices,,False,exempt,{},2024-01-01,,2026-05-18
CA,medical.equipment,"Wheelchairs, hearing aids, prosthetics, durable medical equipment.",True,conditional,"{""note"": ""Wheelchairs, prosthetics, hearing aids, and other DME exempt when prescribed for a specific individual (Reg 1591); over-the-counter DME taxable."", ""prescribed_dme_exempt"": true}",2026-05-20,https://www.cdtfa.ca.gov/formspubs/pub45.htm,2026-05-20
CA,medical.otc,Over-the-counter medications.,True,taxable,{},2026-05-20,https://www.cdtfa.ca.gov/formspubs/pub45.htm,2026-05-20
CA,medical.otc_drugs,,True,taxable,{},2024-01-01,,2026-05-18
CA,medical.prescription_drugs,,False,exempt,{},2024-01-01,,2026-05-18
CA,medical.rx,Prescription drugs (typically exempt nationwide).,False,exempt,{},2026-05-20,https://www.cdtfa.ca.gov/formspubs/pub45.htm,2026-05-20
CA,publications.books,,True,taxable,{},2024-01-01,,2026-05-18
CA,publications.magazines,,True,taxable,{},2024-01-01,,2026-05-18
CA,publications.newspapers,,False,exempt,{},2024-01-01,,2026-05-18
CA,publications.textbooks,"Required course and college textbooks, printed or digital, as distinct from general trade books. Many states exempt these only when sold by a school or to an enrolled student.",True,taxable,{},2026-08-05,,2026-05-18
CA,services.ai_api,,False,exempt,{},2024-01-01,,2026-05-18
CA,services.data_processing,,False,exempt,{},2024-01-01,,2026-05-18
CA,services.personal_care,,False,exempt,{},2024-01-01,,2026-05-18
CA,services.professional,,False,exempt,{},2024-01-01,,2026-05-18
CA,services.repair,,False,exempt,{},2024-01-01,,2026-05-18
CA,services.web_hosting,,False,exempt,{},2024-01-01,,2026-05-18
CA,software.custom,,False,exempt,{},2024-01-01,,2026-05-18
CA,software.prewritten,,False,exempt,{},2024-01-01,,2026-05-18
CA,software.saas,,False,exempt,{},2024-01-01,,2026-05-18
CO,clothing.accessories,"Handbags, belts, jewelry, watches.",True,taxable,{},2026-05-21,https://tax.colorado.gov/sales-use-tax,2026-05-21
CO,clothing.athletic,Sports and performance apparel; team uniforms; non-protective athletic gear.,True,taxable,{},2026-05-21,https://tax.colorado.gov/sales-use-tax,2026-05-21
CO,clothing.formal,"Suits, gowns, ties, dress shirts not for everyday wear.",True,taxable,{},2026-05-21,https://tax.colorado.gov/sales-use-tax,2026-05-21
CO,clothing.general,"Everyday wearing apparel; t-shirts, jeans, dresses, jackets.",True,taxable,{},2026-05-21,https://tax.colorado.gov/sales-use-tax,2026-05-21
CO,clothing.protective,"Helmets, safety boots, protective work gear, hazard equipment.",True,conditional,"{""note"": ""Manufacturing safety equipment may qualify; consumer PPE taxable."", ""business_use_exempt"": true}",2026-05-21,https://tax.colorado.gov/sales-use-tax,2026-05-21
CO,digital.download,"Permanent-license software, e-books, music downloads, games.",True,taxable,"{""note"": ""CO taxes digital goods delivered electronically as tangible personal property (HB21-1312); home-rule cities vary.""}",2026-05-21,https://leg.colorado.gov/bills/hb21-1312,2026-05-21
CO,digital.saas,"Subscription software accessed via the web; CRMs, productivity tools.",False,exempt,"{""note"": ""CO does not tax SaaS at the state level; some home-rule cities do.""}",2026-05-21,https://leg.colorado.gov/bills/hb21-1312,2026-05-21
CO,digital.streaming,Streaming services; on-demand video/music with no permanent copy.,False,needs_research,"{""note"": ""CO's state and home-rule treatment of streaming subscriptions (no permanent copy) is unsettled.""}",2026-05-21,https://leg.colorado.gov/bills/hb21-1312,2026-05-21
CO,digital_products.ebook,,True,taxable,{},2024-01-01,,2026-05-18
CO,digital_products.music,,True,taxable,{},2024-01-01,,2026-05-18
CO,digital_products.streaming,,True,taxable,{},2024-01-01,,2026-05-18
CO,digital_products.video,,True,taxable,{},2024-01-01,,2026-05-18
CO,food.bottled_water,"Plain, still, unsweetened, unflavored bottled drinking water (spring, mineral, distilled, or purified) sold in a sealed retail container. Excludes flavored, sweetened, or carbonated water, which is taxed as a soft drink under food.candy_soda.",False,exempt,"{""note"": ""Carbonated water is excluded from the exemption; bottled water/coffee service supplied by a business to employees or customers is a taxable business supply, not home consumption.""}",2026-08-05,https://regulations.justia.com/states/colorado/200/201/rule-1-ccr-201-4/rule-39-26-102-4-5/,2026-08-05
CO,food.candy,,True,taxable,"{""note"": ""Candy is excluded from the state food exemption (C.R.S. 39-26-707(1.5)(a)) and is taxed at 2.9% plus special district taxes. A state-collected city or county that exempts food also exempts candy; home-rule cities set their own rules. TaxLocus applies the full rate.""}",2024-01-01,https://tax.colorado.gov/sites/tax/files/PLR%2019-003.pdf,2026-09-28
CO,food.candy_soda,"Candy, soda, sweetened beverages (often taxed where groceries aren't).",True,conditional,"{""note"": ""Candy and soft drinks are SNAP-eligible and within CO's state food exemption; home-rule cities may tax."", ""state_exempt"": true, ""local_taxable"": true}",2026-05-21,https://tax.colorado.gov/sales-tax-exemptions,2026-05-21
CO,food.dietary_supplements,,True,taxable,{},2024-01-01,,2026-05-18
CO,food.grocery,Unprepared groceries; staples; produce; meat; dairy.,True,conditional,"{""note"": ""Food for domestic home consumption exempt from the 2.9% state tax (C.R.S. 39-26-707); many home-rule cities tax it."", ""state_exempt"": true, ""local_taxable"": true}",2026-05-21,https://tax.colorado.gov/sales-tax-exemptions,2026-05-21
CO,food.prepared,"Restaurant meals, takeout, food sold for immediate consumption.",True,taxable,{},2026-05-21,https://tax.colorado.gov/sales-tax-exemptions,2026-05-21
CO,food.soft_drinks,,True,taxable,"{""note"": ""Soft drinks are excluded from the state food exemption (C.R.S. 39-26-707(1.5)(a)); taxed at 2.9% plus special districts. Cities and counties that exempt food may also exempt soft drinks; TaxLocus applies the full rate.""}",2024-01-01,https://tax.colorado.gov/sites/tax/files/PLR%2019-003.pdf,2026-09-28
CO,goods.electronics,,True,taxable,{},2024-01-01,,2026-05-18
CO,goods.furniture,,True,taxable,{},2024-01-01,,2026-05-18
CO,goods.general,,True,taxable,{},2024-01-01,,2026-05-18
CO,hygiene.diapers,"Infant/baby diapers and adult incontinence products (briefs, liners, underpads), cloth or disposable.",False,exempt,"{""note"": ""Incontinence products/diapers exempt (all ages); home-rule cities may differ."", ""scope"": ""both"", ""local_may_tax"": true}",2026-08-05,https://tax.colorado.gov,2026-08-05
CO,hygiene.menstrual,"Menstrual and feminine hygiene products: tampons, sanitary pads, pantyliners, menstrual cups, and period underwear.",False,exempt,"{""note"": ""State exempt; some self-collecting home-rule cities may still tax."", ""local_may_tax"": true}",2026-08-05,https://leg.colorado.gov,2026-08-05
CO,medical.devices,,False,exempt,{},2024-01-01,,2026-05-18
CO,medical.equipment,"Wheelchairs, hearing aids, prosthetics, durable medical equipment.",True,conditional,"{""note"": ""DME and prosthetics exempt when prescribed (C.R.S. 39-26-717)."", ""prescription_required"": true}",2026-05-21,https://tax.colorado.gov/sales-tax-exemptions,2026-05-21
CO,medical.otc,Over-the-counter medications.,True,taxable,"{""note"": ""OTC taxable unless dispensed by prescription.""}",2026-05-21,https://tax.colorado.gov/sales-tax-exemptions,2026-05-21
CO,medical.otc_drugs,,True,taxable,{},2024-01-01,,2026-05-18
CO,medical.prescription_drugs,,False,exempt,{},2024-01-01,,2026-05-18
CO,medical.rx,Prescription drugs (typically exempt nationwide).,False,exempt,{},2026-05-21,https://tax.colorado.gov/sales-tax-exemptions,2026-05-21
CO,publications.books,,True,taxable,{},2024-01-01,,2026-05-18
CO,publications.magazines,,True,taxable,{},2024-01-01,,2026-05-18
CO,publications.newspapers,,False,exempt,{},2024-01-01,,2026-05-18
CO,publications.textbooks,"Required course and college textbooks, printed or digital, as distinct from general trade books. Many states exempt these only when sold by a school or to an enrolled student.",True,conditional,"{""note"": ""College textbooks exempt from state tax since 2024-07-01; home-rule locals tax unless they opt in."", ""scope"": ""state_tax_only"", ""exempt_if"": ""college_textbook"", ""local_may_tax"": true}",2026-08-05,https://tax.colorado.gov,2026-08-05
CO,services.ai_api,,False,exempt,{},2024-01-01,,2026-05-18
CO,services.data_processing,,False,exempt,{},2024-01-01,,2026-05-18
CO,services.personal_care,,False,exempt,{},2024-01-01,,2026-05-18
CO,services.professional,,False,exempt,{},2024-01-01,,2026-05-18
CO,services.repair,,False,exempt,{},2024-01-01,,2026-05-18
CO,services.web_hosting,,False,exempt,{},2024-01-01,,2026-05-18
CO,software.custom,,False,exempt,{},2024-01-01,,2026-05-18
CO,software.prewritten,,True,taxable,{},2024-01-01,,2026-05-18
CO,software.saas,,False,exempt,{},2024-01-01,,2026-05-18
CT,clothing.accessories,"Handbags, belts, jewelry, watches.",True,taxable,{},2026-05-21,https://portal.ct.gov/DRS/Sales-Tax/Sales-Tax,2026-05-21
CT,clothing.athletic,Sports and performance apparel; team uniforms; non-protective athletic gear.,True,conditional,"{""tax_holiday"": {""scope"": ""full"", ""windows"": [{""end"": ""2026-08-22"", ""start"": ""2026-08-16""}], ""price_cap_cents"": 30000}}",2026-06-01,https://portal.ct.gov/DRS/Sales-Tax/Sales-Tax-Free-Week,2026-07-26
CT,clothing.formal,"Suits, gowns, ties, dress shirts not for everyday wear.",True,conditional,"{""tax_holiday"": {""scope"": ""full"", ""windows"": [{""end"": ""2026-08-22"", ""start"": ""2026-08-16""}], ""price_cap_cents"": 30000}}",2026-06-01,https://portal.ct.gov/DRS/Sales-Tax/Sales-Tax-Free-Week,2026-07-26
CT,clothing.general,"Everyday wearing apparel; t-shirts, jeans, dresses, jackets.",True,conditional,"{""tax_holiday"": {""scope"": ""full"", ""windows"": [{""end"": ""2026-08-22"", ""start"": ""2026-08-16""}], ""price_cap_cents"": 30000}}",2026-06-01,https://portal.ct.gov/DRS/Sales-Tax/Sales-Tax-Free-Week,2026-07-26
CT,clothing.protective,"Helmets, safety boots, protective work gear, hazard equipment.",True,taxable,"{""note"": ""Industrial safety apparel may qualify for the manufacturing exemption.""}",2026-05-21,https://portal.ct.gov/DRS/Sales-Tax/Sales-Tax,2026-05-21
CT,digital.download,"Permanent-license software, e-books, music downloads, games.",True,taxable,"{""note"": ""Digital goods and electronically delivered canned software taxable at the full 6.35% (since 2019).""}",2026-05-21,https://www.cga.ct.gov/current/pub/chap_219.htm,2026-05-21
CT,digital.saas,"Subscription software accessed via the web; CRMs, productivity tools.",True,reduced_rate,"{""note"": ""CT taxes SaaS as a computer and data processing service at the reduced 1% rate (Conn. Gen. Stat. 12-407/12-408)."", ""reduced_rate"": 0.01}",2026-05-21,https://www.cga.ct.gov/current/pub/chap_219.htm,2026-05-21
CT,digital.streaming,Streaming services; on-demand video/music with no permanent copy.,True,taxable,"{""note"": ""Digital goods including streaming taxable at 6.35%.""}",2026-05-21,https://www.cga.ct.gov/current/pub/chap_219.htm,2026-05-21
CT,digital_products.ebook,,True,taxable,{},2024-01-01,,2026-05-18
CT,digital_products.music,,True,taxable,{},2024-01-01,,2026-05-18
CT,digital_products.streaming,,True,taxable,{},2024-01-01,,2026-05-18
CT,digital_products.video,,True,taxable,{},2024-01-01,,2026-05-18
CT,food.bottled_water,"Plain, still, unsweetened, unflavored bottled drinking water (spring, mineral, distilled, or purified) sold in a sealed retail container. Excludes flavored, sweetened, or carbonated water, which is taxed as a soft drink under food.candy_soda.",False,exempt,"{""note"": ""Carbonated water is the specific taxable exclusion from the food-products exemption; plain, non-carbonated water is not among the enumerated taxable exclusions.""}",2026-08-05,https://www.law.cornell.edu/regulations/connecticut/Regs-Conn-State-Agencies-SS-12-426-29,2026-08-05
CT,food.candy,,True,taxable,"{""note"": ""Candy and confectionery are not exempt food products (12-412(13)); taxed at 6.35%.""}",2024-01-01,https://www.cga.ct.gov/current/pub/chap_219.htm,2026-09-28
CT,food.candy_soda,"Candy, soda, sweetened beverages (often taxed where groceries aren't).",False,needs_research,"{""note"": ""Connecticut's treatment of candy and soft drinks under the grocery food exemption needs authoritative confirmation.""}",2026-05-21,https://www.cga.ct.gov/current/pub/chap_219.htm,2026-05-21
CT,food.dietary_supplements,,False,exempt,{},2024-01-01,,2026-05-18
CT,food.grocery,Unprepared groceries; staples; produce; meat; dairy.,False,exempt,"{""note"": ""Food products for human consumption exempt; meals taxable at 7.35%.""}",2026-05-21,https://www.cga.ct.gov/current/pub/chap_219.htm,2026-05-21
CT,food.prepared,"Restaurant meals, takeout, food sold for immediate consumption.",True,taxable,"{""note"": ""Meals taxed at the 7.35% meals rate.""}",2026-05-21,https://portal.ct.gov/DRS/Sales-Tax/Sales-Tax,2026-05-21
CT,food.soft_drinks,,True,reduced_rate,"{""note"": ""Soft drinks and sodas are taxed at an effective 7.35% (6.35% plus the 1% meals and beverages rate), including at grocery stores, since 2019-10-01 (PS 2019(5)). The rate here is that total, which is higher than the general rate."", ""reduced_rate"": 0.0735}",2024-01-01,https://portal.ct.gov/-/media/drs/publications/pubsps/2019/ps-2019(5).pdf,2026-09-28
CT,goods.electronics,,True,taxable,{},2024-01-01,,2026-05-18
CT,goods.furniture,,True,taxable,{},2024-01-01,,2026-05-18
CT,goods.general,,True,taxable,{},2024-01-01,,2026-05-18
CT,hygiene.diapers,"Infant/baby diapers and adult incontinence products (briefs, liners, underpads), cloth or disposable.",False,exempt,"{""scope"": ""both""}",2026-08-05,https://portal.ct.gov/DRS,2026-08-05
CT,hygiene.menstrual,"Menstrual and feminine hygiene products: tampons, sanitary pads, pantyliners, menstrual cups, and period underwear.",False,exempt,{},2026-08-05,https://www.cga.ct.gov,2026-08-05
CT,medical.devices,,False,exempt,{},2024-01-01,,2026-05-18
CT,medical.equipment,"Wheelchairs, hearing aids, prosthetics, durable medical equipment.",True,conditional,"{""note"": ""DME, prosthetics, and oxygen equipment exempt (often requires prescription)."", ""prescription_required"": true}",2026-05-21,https://www.cga.ct.gov/current/pub/chap_219.htm,2026-05-21
CT,medical.otc,Over-the-counter medications.,False,exempt,"{""note"": ""CT exempts nonprescription drugs and medicines (Conn. Gen. Stat. 12-412(120)).""}",2026-05-21,https://www.cga.ct.gov/current/pub/chap_219.htm,2026-05-21
CT,medical.otc_drugs,,False,exempt,{},2024-01-01,,2026-05-18
CT,medical.prescription_drugs,,False,exempt,{},2024-01-01,,2026-05-18
CT,medical.rx,Prescription drugs (typically exempt nationwide).,False,exempt,{},2026-05-21,https://www.cga.ct.gov/current/pub/chap_219.htm,2026-05-21
CT,publications.books,,True,taxable,{},2024-01-01,,2026-05-18
CT,publications.magazines,,True,taxable,{},2024-01-01,,2026-05-18
CT,publications.newspapers,,False,exempt,{},2024-01-01,,2026-05-18
CT,publications.textbooks,"Required course and college textbooks, printed or digital, as distinct from general trade books. Many states exempt these only when sold by a school or to an enrolled student.",True,conditional,"{""note"": ""Exempt when sold to an enrolled higher-ed student presenting a valid student ID."", ""exempt_if"": ""enrolled_student_with_id""}",2026-08-05,https://portal.ct.gov/DRS,2026-08-05
CT,services.ai_api,,True,taxable,{},2024-01-01,,2026-05-18
CT,services.data_processing,,True,reduced_rate,"{""note"": ""Computer and data processing services are taxed at 1% for any buyer (Conn. Gen. Stat. 12-408(1)(D)). Digital goods are 6.35%."", ""reduced_rate"": 0.01}",2024-01-01,https://portal.ct.gov/-/media/DRS/Publications/pubsps/2006/PS068pdf.pdf,2026-09-28
CT,services.personal_care,,True,taxable,{},2024-01-01,,2026-05-18
CT,services.professional,,False,exempt,{},2024-01-01,,2026-05-18
CT,services.repair,,True,taxable,{},2024-01-01,,2026-05-18
CT,services.web_hosting,,True,reduced_rate,"{""note"": ""Website hosting is a computer and data processing service taxed at 1% since 2015-10-01 (SN 2015(5)). Internet access is exempt."", ""reduced_rate"": 0.01}",2024-01-01,https://portal.ct.gov/-/media/drs/publications/pubssn/2015/sn20155pdf.pdf,2026-09-28
CT,software.custom,,True,reduced_rate,"{""note"": ""Designing, creating or modifying custom software is a computer and data processing service taxed at 1% (Conn. Gen. Stat. 12-408(1)(D); PS 2006(8)). Separately stated license fees for mere use of custom software are not taxed."", ""reduced_rate"": 0.01}",2024-01-01,https://portal.ct.gov/-/media/DRS/Publications/pubsps/2006/PS068pdf.pdf,2026-09-28
CT,software.prewritten,,True,taxable,{},2024-01-01,,2026-05-18
CT,software.saas,,True,conditional,"{""note"": ""Electronically accessed canned software (SaaS) sold to a business for use by the business is taxed at 1% as a computer and data processing service; sold for personal use it is taxed at 6.35% (SN 2019(8)). The seller should keep the buyer's business name, address and a statement that it is a business."", ""b2b_rate"": 0.01}",2024-01-01,https://portal.ct.gov/-/media/drs/publications/pubssn/2019/sn-2019(8).pdf,2026-09-28
DC,clothing.accessories,"Handbags, belts, jewelry, watches.",True,taxable,{},2026-05-21,https://otr.cfo.dc.gov/page/sales-and-use-taxes,2026-05-21
DC,clothing.athletic,Sports and performance apparel; team uniforms; non-protective athletic gear.,True,taxable,{},2026-05-21,https://otr.cfo.dc.gov/page/sales-and-use-taxes,2026-05-21
DC,clothing.formal,"Suits, gowns, ties, dress shirts not for everyday wear.",True,taxable,{},2026-05-21,https://otr.cfo.dc.gov/page/sales-and-use-taxes,2026-05-21
DC,clothing.general,"Everyday wearing apparel; t-shirts, jeans, dresses, jackets.",True,taxable,{},2026-05-21,https://otr.cfo.dc.gov/page/sales-and-use-taxes,2026-05-21
DC,clothing.protective,"Helmets, safety boots, protective work gear, hazard equipment.",True,taxable,{},2026-05-21,https://otr.cfo.dc.gov/page/sales-and-use-taxes,2026-05-21
DC,digital.download,"Permanent-license software, e-books, music downloads, games.",True,taxable,"{""note"": ""Digital products and prewritten software taxable.""}",2026-05-21,https://otr.cfo.dc.gov/page/sales-and-use-taxes,2026-05-21
DC,digital.saas,"Subscription software accessed via the web; CRMs, productivity tools.",True,taxable,"{""note"": ""DC taxes SaaS and digital goods.""}",2026-05-21,https://otr.cfo.dc.gov/page/sales-and-use-taxes,2026-05-21
DC,digital.streaming,Streaming services; on-demand video/music with no permanent copy.,True,taxable,"{""note"": ""Streaming services taxable.""}",2026-05-21,https://otr.cfo.dc.gov/page/sales-and-use-taxes,2026-05-21
DC,digital_products.ebook,,True,taxable,{},2024-01-01,,2026-05-18
DC,digital_products.music,,True,taxable,{},2024-01-01,,2026-05-18
DC,digital_products.streaming,,True,taxable,{},2024-01-01,,2026-05-18
DC,digital_products.video,,True,taxable,{},2024-01-01,,2026-05-18
DC,food.bottled_water,"Plain, still, unsweetened, unflavored bottled drinking water (spring, mineral, distilled, or purified) sold in a sealed retail container. Excludes flavored, sweetened, or carbonated water, which is taxed as a soft drink under food.candy_soda.",False,exempt,"{""note"": ""\""Water\"" is expressly enumerated among the exempt \""eligible foods\"" under D.C. Code 47-2001; a bottled-water delivery service selling water by the gallon for a water cooler is taxed under a separate, unrelated provision.""}",2026-08-05,https://code.dccouncil.gov/us/dc/council/code/sections/47-2001,2026-08-05
DC,food.candy,,True,taxable,{},2024-01-01,,2026-05-18
DC,food.candy_soda,"Candy, soda, sweetened beverages (often taxed where groceries aren't).",True,taxable,"{""note"": ""Candy and soft drinks taxable; soft drinks also carry an additional levy.""}",2026-05-21,https://otr.cfo.dc.gov/page/sales-and-use-taxes,2026-05-21
DC,food.dietary_supplements,,False,exempt,{},2024-01-01,,2026-05-18
DC,food.grocery,Unprepared groceries; staples; produce; meat; dairy.,False,exempt,"{""note"": ""Groceries exempt (D.C. Code 47-2005); prepared food/restaurant meals taxed at 10%.""}",2026-05-21,https://otr.cfo.dc.gov/page/sales-and-use-taxes,2026-05-21
DC,food.prepared,"Restaurant meals, takeout, food sold for immediate consumption.",True,taxable,"{""note"": ""Restaurant meals and prepared food taxed at the 10% rate.""}",2026-05-21,https://otr.cfo.dc.gov/page/sales-and-use-taxes,2026-05-21
DC,food.soft_drinks,,True,taxable,{},2024-01-01,,2026-05-18
DC,goods.electronics,,True,taxable,{},2024-01-01,,2026-05-18
DC,goods.furniture,,True,taxable,{},2024-01-01,,2026-05-18
DC,goods.general,,True,taxable,{},2024-01-01,,2026-05-18
DC,hygiene.diapers,"Infant/baby diapers and adult incontinence products (briefs, liners, underpads), cloth or disposable.",False,exempt,"{""scope"": ""both""}",2026-08-05,https://otr.cfo.dc.gov,2026-08-05
DC,hygiene.menstrual,"Menstrual and feminine hygiene products: tampons, sanitary pads, pantyliners, menstrual cups, and period underwear.",False,exempt,{},2026-08-05,https://code.dccouncil.gov,2026-08-05
DC,medical.devices,,False,exempt,{},2024-01-01,,2026-05-18
DC,medical.equipment,"Wheelchairs, hearing aids, prosthetics, durable medical equipment.",True,conditional,"{""note"": ""DME and prosthetics exempt when prescribed (D.C. Code 47-2005)."", ""prescription_required"": true}",2026-05-21,https://otr.cfo.dc.gov/page/sales-and-use-taxes,2026-05-21
DC,medical.otc,Over-the-counter medications.,True,taxable,"{""note"": ""OTC taxable unless dispensed by prescription.""}",2026-05-21,https://otr.cfo.dc.gov/page/sales-and-use-taxes,2026-05-21
DC,medical.otc_drugs,,False,exempt,{},2024-01-01,,2026-05-18
DC,medical.prescription_drugs,,False,exempt,{},2024-01-01,,2026-05-18
DC,medical.rx,Prescription drugs (typically exempt nationwide).,False,exempt,{},2026-05-21,https://otr.cfo.dc.gov/page/sales-and-use-taxes,2026-05-21
DC,publications.books,,True,taxable,{},2024-01-01,,2026-05-18
DC,publications.magazines,,True,taxable,{},2024-01-01,,2026-05-18
DC,publications.newspapers,,False,exempt,{},2024-01-01,,2026-05-18
DC,publications.textbooks,"Required course and college textbooks, printed or digital, as distinct from general trade books. Many states exempt these only when sold by a school or to an enrolled student.",True,taxable,{},2026-08-05,,2026-05-18
DC,services.ai_api,,True,taxable,{},2024-01-01,,2026-05-18
DC,services.data_processing,,False,exempt,{},2024-01-01,,2026-05-18
DC,services.personal_care,,False,exempt,{},2024-01-01,,2026-05-18
DC,services.professional,,False,exempt,{},2024-01-01,,2026-05-18
DC,services.repair,,True,taxable,{},2024-01-01,,2026-05-18
DC,services.web_hosting,,False,exempt,{},2024-01-01,,2026-05-18
DC,software.custom,,True,taxable,{},2024-01-01,,2026-05-18
DC,software.prewritten,,True,taxable,{},2024-01-01,,2026-05-18
DC,software.saas,,True,taxable,{},2024-01-01,,2026-05-18
FL,clothing.accessories,"Handbags, belts, jewelry, watches.",True,taxable,{},2026-05-20,https://www.flsenate.gov/Laws/Statutes/2024/212.08,2026-05-20
FL,clothing.athletic,Sports and performance apparel; team uniforms; non-protective athletic gear.,True,conditional,"{""tax_holiday"": {""scope"": ""full"", ""windows"": [{""end"": ""2026-08-31"", ""start"": ""2026-08-01""}], ""provisional"": false, ""price_cap_cents"": 10000}}",2026-05-21,https://floridarevenue.com/backtoschool/Pages/default.aspx,2026-05-22
FL,clothing.formal,"Suits, gowns, ties, dress shirts not for everyday wear.",True,conditional,"{""tax_holiday"": {""scope"": ""full"", ""windows"": [{""end"": ""2026-08-31"", ""start"": ""2026-08-01""}], ""provisional"": false, ""price_cap_cents"": 10000}}",2026-05-21,https://floridarevenue.com/backtoschool/Pages/default.aspx,2026-05-22
FL,clothing.general,"Everyday wearing apparel; t-shirts, jeans, dresses, jackets.",True,conditional,"{""tax_holiday"": {""scope"": ""full"", ""windows"": [{""end"": ""2026-08-31"", ""start"": ""2026-08-01""}], ""provisional"": false, ""price_cap_cents"": 10000}}",2026-05-21,https://floridarevenue.com/backtoschool/Pages/default.aspx,2026-05-22
FL,clothing.protective,"Helmets, safety boots, protective work gear, hazard equipment.",True,conditional,"{""note"": ""Protective equipment for industrial use may be exempt (§ 212.08(7)(xx)); consumer purchases taxable."", ""business_use_exempt"": true}",2026-05-20,https://www.flsenate.gov/Laws/Statutes/2024/212.08,2026-05-20
FL,digital.download,"Permanent-license software, e-books, music downloads, games.",False,exempt,"{""note"": ""FL does not tax electronic delivery of software, e-books, music or video without tangible media (TIP 10A01-07).""}",2026-05-20,https://floridarevenue.com/taxes/tips/Documents/TIP_10A01-07.pdf,2026-05-20
FL,digital.saas,"Subscription software accessed via the web; CRMs, productivity tools.",False,exempt,"{""note"": ""FL DOR TIP 10A01-07: SaaS, where the customer accesses software remotely without taking possession, is not subject to sales tax.""}",2026-05-20,https://floridarevenue.com/taxes/tips/Documents/TIP_10A01-07.pdf,2026-05-20
FL,digital.streaming,Streaming services; on-demand video/music with no permanent copy.,True,taxable,"{""note"": ""FL taxes streaming video as a 'communications service' under the Communications Services Tax (Ch. 202) — separate from sales tax but a tax obligation.""}",2026-05-20,https://www.flsenate.gov/Laws/Statutes/2024/212.08,2026-05-20
FL,digital_products.ebook,,False,exempt,{},2024-01-01,,2026-05-18
FL,digital_products.music,,False,exempt,{},2024-01-01,,2026-05-18
FL,digital_products.streaming,,False,exempt,{},2024-01-01,,2026-05-18
FL,digital_products.video,,False,exempt,{},2024-01-01,,2026-05-18
FL,food.bottled_water,"Plain, still, unsweetened, unflavored bottled drinking water (spring, mineral, distilled, or purified) sold in a sealed retail container. Excludes flavored, sweetened, or carbonated water, which is taxed as a soft drink under food.candy_soda.",False,exempt,"{""note"": ""Covers plain water and water with only naturally occurring or water-treatment-facility-added minerals; loses the exemption if carbonation or flavoring is added.""}",2026-08-05,https://www.flsenate.gov/laws/statutes/2025/212.08,2026-08-05
FL,food.candy,,True,taxable,{},2024-01-01,,2026-05-18
FL,food.candy_soda,"Candy, soda, sweetened beverages (often taxed where groceries aren't).",True,taxable,"{""note"": ""FL taxes candy and soft drinks per § 212.08(1)(a) carve-outs.""}",2026-05-20,https://floridarevenue.com/Forms_library/current/gt800035.pdf,2026-05-20
FL,food.dietary_supplements,,False,exempt,{},2024-01-01,,2026-05-18
FL,food.grocery,Unprepared groceries; staples; produce; meat; dairy.,False,exempt,"{""note"": ""FL exempts grocery food for human consumption (§ 212.08(1)). Prepared food, candy, and soft drinks are carve-outs.""}",2026-05-20,https://floridarevenue.com/Forms_library/current/gt800035.pdf,2026-05-20
FL,food.prepared,"Restaurant meals, takeout, food sold for immediate consumption.",True,taxable,{},2026-05-20,https://floridarevenue.com/Forms_library/current/gt800035.pdf,2026-05-20
FL,food.soft_drinks,,True,taxable,{},2024-01-01,,2026-05-18
FL,goods.electronics,,True,taxable,{},2024-01-01,,2026-05-18
FL,goods.furniture,,True,taxable,{},2024-01-01,,2026-05-18
FL,goods.general,,True,taxable,{},2024-01-01,,2026-05-18
FL,hygiene.diapers,"Infant/baby diapers and adult incontinence products (briefs, liners, underpads), cloth or disposable.",False,exempt,"{""scope"": ""both""}",2026-08-05,https://floridarevenue.com,2026-08-05
FL,hygiene.menstrual,"Menstrual and feminine hygiene products: tampons, sanitary pads, pantyliners, menstrual cups, and period underwear.",False,exempt,{},2026-08-05,https://www.flsenate.gov,2026-08-05
FL,medical.devices,,False,exempt,{},2024-01-01,,2026-05-18
FL,medical.equipment,"Wheelchairs, hearing aids, prosthetics, durable medical equipment.",False,exempt,{},2026-05-20,https://www.flsenate.gov/Laws/Statutes/2024/212.08,2026-05-20
FL,medical.otc,Over-the-counter medications.,True,conditional,"{""note"": ""FL § 212.08(2) exempts 'common household remedies' (aspirin, cough syrup, vitamins, etc.) — broadest OTC exemption in the country."", ""common_household_remedies_exempt"": true}",2026-05-20,https://www.flsenate.gov/Laws/Statutes/2024/212.08,2026-05-20
FL,medical.otc_drugs,,False,exempt,{},2024-01-01,,2026-05-18
FL,medical.prescription_drugs,,False,exempt,{},2024-01-01,,2026-05-18
FL,medical.rx,Prescription drugs (typically exempt nationwide).,False,exempt,{},2026-05-20,https://www.flsenate.gov/Laws/Statutes/2024/212.08,2026-05-20
FL,publications.books,,True,taxable,{},2024-01-01,,2026-05-18
FL,publications.magazines,,True,taxable,{},2024-01-01,,2026-05-18
FL,publications.newspapers,,False,exempt,{},2024-01-01,,2026-05-18
FL,publications.textbooks,"Required course and college textbooks, printed or digital, as distinct from general trade books. Many states exempt these only when sold by a school or to an enrolled student.",True,conditional,"{""note"": ""Only K-12 school books exempt; college textbooks taxable."", ""exempt_if"": ""sold_by_k12_school""}",2026-08-05,https://floridarevenue.com,2026-08-05
FL,services.ai_api,,False,exempt,{},2024-01-01,,2026-05-18
FL,services.data_processing,,False,exempt,{},2024-01-01,,2026-05-18
FL,services.personal_care,,False,exempt,{},2024-01-01,,2026-05-18
FL,services.professional,,False,exempt,{},2024-01-01,,2026-05-18
FL,services.repair,,True,taxable,{},2024-01-01,,2026-05-18
FL,services.web_hosting,,False,exempt,{},2024-01-01,,2026-05-18
FL,software.custom,,False,exempt,{},2024-01-01,,2026-05-18
FL,software.prewritten,,False,exempt,{},2024-01-01,,2026-05-18
FL,software.saas,,False,exempt,{},2024-01-01,,2026-05-18
GA,clothing.accessories,"Handbags, belts, jewelry, watches.",True,taxable,{},2026-05-20,https://law.justia.com/codes/georgia/2022/title-48/chapter-8/article-1/part-1/section-48-8-3/,2026-05-20
GA,clothing.athletic,Sports and performance apparel; team uniforms; non-protective athletic gear.,True,taxable,{},2026-05-20,https://law.justia.com/codes/georgia/2022/title-48/chapter-8/article-1/part-1/section-48-8-3/,2026-05-20
GA,clothing.formal,"Suits, gowns, ties, dress shirts not for everyday wear.",True,taxable,{},2026-05-20,https://law.justia.com/codes/georgia/2022/title-48/chapter-8/article-1/part-1/section-48-8-3/,2026-05-20
GA,clothing.general,"Everyday wearing apparel; t-shirts, jeans, dresses, jackets.",True,taxable,{},2026-05-20,https://law.justia.com/codes/georgia/2022/title-48/chapter-8/article-1/part-1/section-48-8-3/,2026-05-20
GA,clothing.protective,"Helmets, safety boots, protective work gear, hazard equipment.",True,taxable,{},2026-05-20,https://law.justia.com/codes/georgia/2022/title-48/chapter-8/article-1/part-1/section-48-8-3/,2026-05-20
GA,digital.download,"Permanent-license software, e-books, music downloads, games.",False,exempt,"{""note"": ""GA does not impose sales tax on the electronic delivery of software, e-books, music, video — they are not 'tangible personal property'.""}",2026-05-20,https://dor.georgia.gov/sales-tax-letter-rulings,2026-05-20
GA,digital.saas,"Subscription software accessed via the web; CRMs, productivity tools.",False,exempt,"{""note"": ""GA does not tax SaaS — software accessed remotely without download is not tangible personal property and is not enumerated as a taxable service (LR SUT-2019-03).""}",2026-05-20,https://dor.georgia.gov/sales-tax-letter-rulings,2026-05-20
GA,digital.streaming,Streaming services; on-demand video/music with no permanent copy.,False,exempt,{},2026-05-20,https://dor.georgia.gov/sales-tax-letter-rulings,2026-05-20
GA,digital_products.ebook,,True,taxable,{},2024-01-01,,2026-05-18
GA,digital_products.music,,True,taxable,{},2024-01-01,,2026-05-18
GA,digital_products.streaming,,True,taxable,{},2024-01-01,,2026-05-18
GA,digital_products.video,,True,taxable,{},2024-01-01,,2026-05-18
GA,food.bottled_water,"Plain, still, unsweetened, unflavored bottled drinking water (spring, mineral, distilled, or purified) sold in a sealed retail container. Excludes flavored, sweetened, or carbonated water, which is taxed as a soft drink under food.candy_soda.",False,exempt,"{""note"": ""Calorie-free, additive-free bottled water is exempt at the state level; local sales tax still applies; bottled water given away free by a business to employees/customers is taxable at state and local level."", ""local_may_tax"": true}",2026-08-05,https://www.law.cornell.edu/regulations/georgia/Ga-Comp-R-Regs-R-560-12-2-.104,2026-08-05
GA,food.candy,,True,conditional,"{""note"": ""Candy is food exempt from the 4% state tax; local taxes apply (Rule 560-12-2-.104)."", ""state_exempt"": true, ""local_taxable"": true}",2024-01-01,https://rules.sos.ga.gov/gac/560-12-2-.104,2026-09-28
GA,food.candy_soda,"Candy, soda, sweetened beverages (often taxed where groceries aren't).",True,taxable,"{""note"": ""Candy and soft drinks are not within the grocery exemption — taxable at full state+local rate.""}",2026-05-20,https://dor.georgia.gov/sales-tax-rates-energy-sold-manufacturers,2026-05-20
GA,food.dietary_supplements,,True,taxable,{},2024-01-01,,2026-05-18
GA,food.grocery,Unprepared groceries; staples; produce; meat; dairy.,True,conditional,"{""note"": ""GA exempts groceries from the 4% state sales tax (§ 48-8-3(57)) but local jurisdictions may still tax them."", ""state_exempt"": true, ""local_taxable"": true}",2026-05-20,https://dor.georgia.gov/sales-tax-rates-energy-sold-manufacturers,2026-05-20
GA,food.prepared,"Restaurant meals, takeout, food sold for immediate consumption.",True,taxable,{},2026-05-20,https://dor.georgia.gov/sales-tax-rates-energy-sold-manufacturers,2026-05-20
GA,food.soft_drinks,,True,conditional,"{""note"": ""Packaged beverages are food exempt from the 4% state tax; local taxes apply (Rule 560-12-2-.104)."", ""state_exempt"": true, ""local_taxable"": true}",2024-01-01,https://rules.sos.ga.gov/gac/560-12-2-.104,2026-09-28
GA,goods.electronics,,True,taxable,{},2024-01-01,,2026-05-18
GA,goods.furniture,,True,taxable,{},2024-01-01,,2026-05-18
GA,goods.general,,True,taxable,{},2024-01-01,,2026-05-18
GA,hygiene.diapers,"Infant/baby diapers and adult incontinence products (briefs, liners, underpads), cloth or disposable.",True,taxable,"{""note"": ""2026 exemption bill HB 1223 not enacted.""}",2026-08-05,,2026-05-18
GA,hygiene.menstrual,"Menstrual and feminine hygiene products: tampons, sanitary pads, pantyliners, menstrual cups, and period underwear.",True,taxable,"{""note"": ""2026 exemption bill pending, not effective.""}",2026-08-05,,2026-05-18
GA,medical.devices,,False,exempt,{},2024-01-01,,2026-05-18
GA,medical.equipment,"Wheelchairs, hearing aids, prosthetics, durable medical equipment.",False,exempt,"{""note"": ""DME, prosthetics, hearing aids exempt when sold pursuant to a prescription (§ 48-8-3(54))."", ""prescription_required"": true}",2026-05-20,https://law.justia.com/codes/georgia/2022/title-48/chapter-8/article-1/part-1/section-48-8-3/,2026-05-20
GA,medical.otc,Over-the-counter medications.,True,taxable,"{""note"": ""GA taxes OTC drugs unless dispensed by prescription.""}",2026-05-20,https://law.justia.com/codes/georgia/2022/title-48/chapter-8/article-1/part-1/section-48-8-3/,2026-05-20
GA,medical.otc_drugs,,True,taxable,{},2024-01-01,,2026-05-18
GA,medical.prescription_drugs,,False,exempt,{},2024-01-01,,2026-05-18
GA,medical.rx,Prescription drugs (typically exempt nationwide).,False,exempt,{},2026-05-20,https://law.justia.com/codes/georgia/2022/title-48/chapter-8/article-1/part-1/section-48-8-3/,2026-05-20
GA,publications.books,,True,taxable,{},2024-01-01,,2026-05-18
GA,publications.magazines,,True,taxable,{},2024-01-01,,2026-05-18
GA,publications.newspapers,,False,exempt,{},2024-01-01,,2026-05-18
GA,publications.textbooks,"Required course and college textbooks, printed or digital, as distinct from general trade books. Many states exempt these only when sold by a school or to an enrolled student.",True,taxable,{},2026-08-05,,2026-05-18
GA,services.ai_api,,False,exempt,{},2024-01-01,,2026-05-18
GA,services.data_processing,,False,exempt,{},2024-01-01,,2026-05-18
GA,services.personal_care,,False,exempt,{},2024-01-01,,2026-05-18
GA,services.professional,,False,exempt,{},2024-01-01,,2026-05-18
GA,services.repair,,True,taxable,{},2024-01-01,,2026-05-18
GA,services.web_hosting,,False,exempt,{},2024-01-01,,2026-05-18
GA,software.custom,,False,exempt,{},2024-01-01,,2026-05-18
GA,software.prewritten,,False,exempt,{},2024-01-01,,2026-05-18
GA,software.saas,,False,exempt,{},2024-01-01,,2026-05-18
HI,clothing.accessories,"Handbags, belts, jewelry, watches.",True,taxable,{},2026-05-21,https://tax.hawaii.gov/geninfo/get/,2026-05-21
HI,clothing.athletic,Sports and performance apparel; team uniforms; non-protective athletic gear.,True,taxable,{},2026-05-21,https://tax.hawaii.gov/geninfo/get/,2026-05-21
HI,clothing.formal,"Suits, gowns, ties, dress shirts not for everyday wear.",True,taxable,{},2026-05-21,https://tax.hawaii.gov/geninfo/get/,2026-05-21
HI,clothing.general,"Everyday wearing apparel; t-shirts, jeans, dresses, jackets.",True,taxable,{},2026-05-21,https://tax.hawaii.gov/geninfo/get/,2026-05-21
HI,clothing.protective,"Helmets, safety boots, protective work gear, hazard equipment.",True,taxable,{},2026-05-21,https://tax.hawaii.gov/geninfo/get/,2026-05-21
HI,digital.download,"Permanent-license software, e-books, music downloads, games.",True,taxable,"{""note"": ""HI GET applies to digital downloads.""}",2026-05-21,https://tax.hawaii.gov/geninfo/get/,2026-05-21
HI,digital.saas,"Subscription software accessed via the web; CRMs, productivity tools.",True,taxable,"{""note"": ""HI GET applies to SaaS and software services (broad base).""}",2026-05-21,https://tax.hawaii.gov/geninfo/get/,2026-05-21
HI,digital.streaming,Streaming services; on-demand video/music with no permanent copy.,True,taxable,"{""note"": ""HI GET applies to streaming services.""}",2026-05-21,https://tax.hawaii.gov/geninfo/get/,2026-05-21
HI,digital_products.ebook,,True,taxable,{},2024-01-01,,2026-05-18
HI,digital_products.music,,True,taxable,{},2024-01-01,,2026-05-18
HI,digital_products.streaming,,True,taxable,{},2024-01-01,,2026-05-18
HI,digital_products.video,,True,taxable,{},2024-01-01,,2026-05-18
HI,food.bottled_water,"Plain, still, unsweetened, unflavored bottled drinking water (spring, mineral, distilled, or purified) sold in a sealed retail container. Excludes flavored, sweetened, or carbonated water, which is taxed as a soft drink under food.candy_soda.",True,taxable,"{""note"": ""Hawaii's General Excise Tax has no general grocery/food exemption; only SNAP/WIC-funded purchases are exempt; county surcharges may add to the base GET rate.""}",2026-08-05,,2026-05-18
HI,food.candy,,True,taxable,{},2024-01-01,,2026-05-18
HI,food.candy_soda,"Candy, soda, sweetened beverages (often taxed where groceries aren't).",True,taxable,{},2026-05-21,https://tax.hawaii.gov/geninfo/get/,2026-05-21
HI,food.dietary_supplements,,True,taxable,{},2024-01-01,,2026-05-18
HI,food.grocery,Unprepared groceries; staples; produce; meat; dairy.,True,taxable,"{""note"": ""Hawaii's GET applies to groceries — there is no grocery exemption; a refundable income-tax food/excise credit offsets it for residents.""}",2026-05-21,https://tax.hawaii.gov/geninfo/get/,2026-05-21
HI,food.prepared,"Restaurant meals, takeout, food sold for immediate consumption.",True,taxable,{},2026-05-21,https://tax.hawaii.gov/geninfo/get/,2026-05-21
HI,food.soft_drinks,,True,taxable,{},2024-01-01,,2026-05-18
HI,goods.electronics,,True,taxable,{},2024-01-01,,2026-05-18
HI,goods.furniture,,True,taxable,{},2024-01-01,,2026-05-18
HI,goods.general,,True,taxable,{},2024-01-01,,2026-05-18
HI,hygiene.diapers,"Infant/baby diapers and adult incontinence products (briefs, liners, underpads), cloth or disposable.",True,taxable,"{""note"": ""GET applies to diaper sales; no exemption.""}",2026-08-05,,2026-05-18
HI,hygiene.menstrual,"Menstrual and feminine hygiene products: tampons, sanitary pads, pantyliners, menstrual cups, and period underwear.",True,taxable,"{""note"": ""Subject to GET at the standard rate.""}",2026-08-05,,2026-05-18
HI,medical.devices,,False,exempt,{},2024-01-01,,2026-05-18
HI,medical.equipment,"Wheelchairs, hearing aids, prosthetics, durable medical equipment.",True,conditional,"{""note"": ""Prosthetic devices exempt (HRS 237-24.3); other DME subject to GET."", ""prescription_required"": true}",2026-05-21,https://www.capitol.hawaii.gov/hrscurrent/Vol04_Ch0201-0257/HRS0237/HRS_0237-0024_0003.htm,2026-05-21
HI,medical.otc,Over-the-counter medications.,True,taxable,"{""note"": ""OTC subject to GET.""}",2026-05-21,https://tax.hawaii.gov/geninfo/get/,2026-05-21
HI,medical.otc_drugs,,True,taxable,{},2024-01-01,,2026-05-18
HI,medical.prescription_drugs,,False,exempt,{},2024-01-01,,2026-05-18
HI,medical.rx,Prescription drugs (typically exempt nationwide).,False,exempt,{},2026-05-21,https://www.capitol.hawaii.gov/hrscurrent/Vol04_Ch0201-0257/HRS0237/HRS_0237-0024_0003.htm,2026-05-21
HI,publications.books,,True,taxable,{},2024-01-01,,2026-05-18
HI,publications.magazines,,True,taxable,{},2024-01-01,,2026-05-18
HI,publications.newspapers,,False,exempt,{},2024-01-01,,2026-05-18
HI,publications.textbooks,"Required course and college textbooks, printed or digital, as distinct from general trade books. Many states exempt these only when sold by a school or to an enrolled student.",True,taxable,"{""note"": ""General Excise Tax applies to seller receipts including textbooks.""}",2026-08-05,,2026-05-18
HI,services.ai_api,,True,taxable,{},2024-01-01,,2026-05-18
HI,services.data_processing,,True,taxable,{},2024-01-01,,2026-05-18
HI,services.personal_care,,True,taxable,{},2024-01-01,,2026-05-18
HI,services.professional,,True,taxable,{},2024-01-01,,2026-05-18
HI,services.repair,,True,taxable,{},2024-01-01,,2026-05-18
HI,services.web_hosting,,True,taxable,{},2024-01-01,,2026-05-18
HI,software.custom,,True,taxable,{},2024-01-01,,2026-05-18
HI,software.prewritten,,True,taxable,{},2024-01-01,,2026-05-18
HI,software.saas,,True,taxable,{},2024-01-01,,2026-05-18
IA,clothing.accessories,"Handbags, belts, jewelry, watches.",True,taxable,{},2026-05-21,https://tax.iowa.gov/iowa-sales-and-use-tax-guide,2026-05-21
IA,clothing.athletic,Sports and performance apparel; team uniforms; non-protective athletic gear.,True,conditional,"{""tax_holiday"": {""scope"": ""full"", ""windows"": [{""end"": ""2026-08-08"", ""start"": ""2026-08-07""}], ""price_cap_cents"": 10000}}",2026-06-01,https://tax.iowa.gov/iowas-annual-sales-tax-holiday,2026-05-21
IA,clothing.formal,"Suits, gowns, ties, dress shirts not for everyday wear.",True,conditional,"{""tax_holiday"": {""scope"": ""full"", ""windows"": [{""end"": ""2026-08-08"", ""start"": ""2026-08-07""}], ""price_cap_cents"": 10000}}",2026-06-01,https://tax.iowa.gov/iowas-annual-sales-tax-holiday,2026-05-21
IA,clothing.general,"Everyday wearing apparel; t-shirts, jeans, dresses, jackets.",True,conditional,"{""tax_holiday"": {""scope"": ""full"", ""windows"": [{""end"": ""2026-08-08"", ""start"": ""2026-08-07""}], ""price_cap_cents"": 10000}}",2026-06-01,https://tax.iowa.gov/iowas-annual-sales-tax-holiday,2026-05-21
IA,clothing.protective,"Helmets, safety boots, protective work gear, hazard equipment.",True,taxable,"{""note"": ""Manufacturing safety equipment may qualify for the processing exemption.""}",2026-05-21,https://tax.iowa.gov/iowa-sales-and-use-tax-guide,2026-05-21
IA,digital.download,"Permanent-license software, e-books, music downloads, games.",True,taxable,"{""note"": ""Specified digital products transferred electronically taxable (Iowa Code 423.2).""}",2026-05-21,https://www.legis.iowa.gov/docs/code/423.2.pdf,2026-05-21
IA,digital.saas,"Subscription software accessed via the web; CRMs, productivity tools.",True,conditional,"{""note"": ""IA taxes SaaS; sales to commercial enterprises for business use are exempt (Iowa Code 423.3(104))."", ""b2b_exempt"": true, ""b2c_taxable"": true}",2026-05-21,https://www.legis.iowa.gov/docs/code/423.3.pdf,2026-05-21
IA,digital.streaming,Streaming services; on-demand video/music with no permanent copy.,True,taxable,"{""note"": ""Streamed digital audio/audiovisual products taxable as specified digital products.""}",2026-05-21,https://www.legis.iowa.gov/docs/code/423.2.pdf,2026-05-21
IA,digital_products.ebook,,True,taxable,{},2024-01-01,,2026-05-18
IA,digital_products.music,,True,taxable,{},2024-01-01,,2026-05-18
IA,digital_products.streaming,,True,taxable,{},2024-01-01,,2026-05-18
IA,digital_products.video,,True,taxable,{},2024-01-01,,2026-05-18
IA,food.bottled_water,"Plain, still, unsweetened, unflavored bottled drinking water (spring, mineral, distilled, or purified) sold in a sealed retail container. Excludes flavored, sweetened, or carbonated water, which is taxed as a soft drink under food.candy_soda.",False,exempt,"{""note"": ""Must be non-carbonated/non-sweetened; flavored or sweetened water is taxed as a soft drink.""}",2026-08-05,https://www.legis.iowa.gov/docs/iac/rule/701.220.2.pdf,2026-08-05
IA,food.candy,,True,taxable,{},2024-01-01,,2026-05-18
IA,food.candy_soda,"Candy, soda, sweetened beverages (often taxed where groceries aren't).",True,taxable,"{""note"": ""Candy and soft drinks excluded from the food exemption (taxable).""}",2026-05-21,https://tax.iowa.gov/iowa-sales-and-use-tax-guide,2026-05-21
IA,food.dietary_supplements,,True,taxable,{},2024-01-01,,2026-05-18
IA,food.grocery,Unprepared groceries; staples; produce; meat; dairy.,False,exempt,"{""note"": ""Food and food ingredients for home consumption exempt; prepared food taxable.""}",2026-05-21,https://tax.iowa.gov/iowa-sales-and-use-tax-guide,2026-05-21
IA,food.prepared,"Restaurant meals, takeout, food sold for immediate consumption.",True,taxable,{},2026-05-21,https://tax.iowa.gov/iowa-sales-and-use-tax-guide,2026-05-21
IA,food.soft_drinks,,True,taxable,{},2024-01-01,,2026-05-18
IA,goods.electronics,,True,taxable,{},2024-01-01,,2026-05-18
IA,goods.furniture,,True,taxable,{},2024-01-01,,2026-05-18
IA,goods.general,,True,taxable,{},2024-01-01,,2026-05-18
IA,hygiene.diapers,"Infant/baby diapers and adult incontinence products (briefs, liners, underpads), cloth or disposable.",False,exempt,"{""scope"": ""both""}",2026-08-05,https://revenue.iowa.gov,2026-08-05
IA,hygiene.menstrual,"Menstrual and feminine hygiene products: tampons, sanitary pads, pantyliners, menstrual cups, and period underwear.",False,exempt,{},2026-08-05,https://www.legis.iowa.gov,2026-08-05
IA,medical.devices,,False,exempt,{},2024-01-01,,2026-05-18
IA,medical.equipment,"Wheelchairs, hearing aids, prosthetics, durable medical equipment.",True,conditional,"{""note"": ""DME, prosthetics, and mobility-enhancing equipment exempt when prescribed (Iowa Code 423.3(60))."", ""prescription_required"": true}",2026-05-21,https://www.legis.iowa.gov/docs/code/423.3.pdf,2026-05-21
IA,medical.otc,Over-the-counter medications.,True,taxable,"{""note"": ""OTC taxable unless dispensed by prescription.""}",2026-05-21,https://www.legis.iowa.gov/docs/code/423.3.pdf,2026-05-21
IA,medical.otc_drugs,,True,taxable,{},2024-01-01,,2026-05-18
IA,medical.prescription_drugs,,False,exempt,{},2024-01-01,,2026-05-18
IA,medical.rx,Prescription drugs (typically exempt nationwide).,False,exempt,{},2026-05-21,https://www.legis.iowa.gov/docs/code/423.3.pdf,2026-05-21
IA,publications.books,,True,taxable,{},2024-01-01,,2026-05-18
IA,publications.magazines,,True,taxable,{},2024-01-01,,2026-05-18
IA,publications.newspapers,,False,exempt,{},2024-01-01,,2026-05-18
IA,publications.textbooks,"Required course and college textbooks, printed or digital, as distinct from general trade books. Many states exempt these only when sold by a school or to an enrolled student.",True,taxable,{},2026-08-05,,2026-05-18
IA,services.ai_api,,False,exempt,{},2024-01-01,,2026-05-18
IA,services.data_processing,,False,exempt,{},2024-01-01,,2026-05-18
IA,services.personal_care,,True,taxable,{},2024-01-01,,2026-05-18
IA,services.professional,,False,exempt,{},2024-01-01,,2026-05-18
IA,services.repair,,True,taxable,{},2024-01-01,,2026-05-18
IA,services.web_hosting,,False,exempt,{},2024-01-01,,2026-05-18
IA,software.custom,,False,exempt,{},2024-01-01,,2026-05-18
IA,software.prewritten,,True,taxable,{},2024-01-01,,2026-05-18
IA,software.saas,,True,conditional,"{""note"": ""SaaS is taxable (Iowa Code 423.2(6)(bu)), except when sold to a commercial enterprise for its exclusive use (423.3(104)). TaxLocus treats a B2B buyer as a commercial enterprise; nonprofits other than insurers and financial institutions do not qualify."", ""b2b_exempt"": true}",2024-01-01,https://www.legis.iowa.gov/docs/code/423.3.pdf,2026-09-28
ID,clothing.accessories,"Handbags, belts, jewelry, watches.",True,taxable,{},2026-05-21,https://tax.idaho.gov/taxes/sales-use/,2026-05-21
ID,clothing.athletic,Sports and performance apparel; team uniforms; non-protective athletic gear.,True,taxable,{},2026-05-21,https://tax.idaho.gov/taxes/sales-use/,2026-05-21
ID,clothing.formal,"Suits, gowns, ties, dress shirts not for everyday wear.",True,taxable,{},2026-05-21,https://tax.idaho.gov/taxes/sales-use/,2026-05-21
ID,clothing.general,"Everyday wearing apparel; t-shirts, jeans, dresses, jackets.",True,taxable,{},2026-05-21,https://tax.idaho.gov/taxes/sales-use/,2026-05-21
ID,clothing.protective,"Helmets, safety boots, protective work gear, hazard equipment.",True,taxable,"{""note"": ""Manufacturing safety equipment may qualify for the production exemption.""}",2026-05-21,https://tax.idaho.gov/taxes/sales-use/,2026-05-21
ID,digital.download,"Permanent-license software, e-books, music downloads, games.",True,taxable,"{""note"": ""Canned software and digital products with a permanent right of use taxable.""}",2026-05-21,https://tax.idaho.gov/taxes/sales-use/what-is-taxable/computer-software/,2026-05-21
ID,digital.saas,"Subscription software accessed via the web; CRMs, productivity tools.",False,exempt,"{""note"": ""ID does not tax remotely accessed software / SaaS.""}",2026-05-21,https://tax.idaho.gov/taxes/sales-use/what-is-taxable/computer-software/,2026-05-21
ID,digital.streaming,Streaming services; on-demand video/music with no permanent copy.,False,exempt,"{""note"": ""ID taxes digital products only with a permanent right of use; streaming with no permanent copy is exempt.""}",2026-05-21,https://tax.idaho.gov/taxes/sales-use/what-is-taxable/computer-software/,2026-05-21
ID,digital_products.ebook,,True,taxable,{},2024-01-01,,2026-05-18
ID,digital_products.music,,True,taxable,{},2024-01-01,,2026-05-18
ID,digital_products.streaming,,True,taxable,{},2024-01-01,,2026-05-18
ID,digital_products.video,,True,taxable,{},2024-01-01,,2026-05-18
ID,food.bottled_water,"Plain, still, unsweetened, unflavored bottled drinking water (spring, mineral, distilled, or purified) sold in a sealed retail container. Excludes flavored, sweetened, or carbonated water, which is taxed as a soft drink under food.candy_soda.",True,taxable,"{""note"": ""Idaho has no grocery exemption; consumers may offset via the annual grocery tax credit on their income tax return.""}",2026-08-05,,2026-05-18
ID,food.candy,,True,taxable,{},2024-01-01,,2026-05-18
ID,food.candy_soda,"Candy, soda, sweetened beverages (often taxed where groceries aren't).",True,taxable,{},2026-05-21,https://tax.idaho.gov/taxes/sales-use/,2026-05-21
ID,food.dietary_supplements,,True,taxable,{},2024-01-01,,2026-05-18
ID,food.grocery,Unprepared groceries; staples; produce; meat; dairy.,True,taxable,"{""note"": ""Idaho taxes groceries at the full 6% rate; a grocery credit on the income-tax return offsets it for residents.""}",2026-05-21,https://tax.idaho.gov/taxes/sales-use/,2026-05-21
ID,food.prepared,"Restaurant meals, takeout, food sold for immediate consumption.",True,taxable,{},2026-05-21,https://tax.idaho.gov/taxes/sales-use/,2026-05-21
ID,food.soft_drinks,,True,taxable,{},2024-01-01,,2026-05-18
ID,goods.electronics,,True,taxable,{},2024-01-01,,2026-05-18
ID,goods.furniture,,True,taxable,{},2024-01-01,,2026-05-18
ID,goods.general,,True,taxable,{},2024-01-01,,2026-05-18
ID,hygiene.diapers,"Infant/baby diapers and adult incontinence products (briefs, liners, underpads), cloth or disposable.",True,taxable,{},2026-08-05,,2026-05-18
ID,hygiene.menstrual,"Menstrual and feminine hygiene products: tampons, sanitary pads, pantyliners, menstrual cups, and period underwear.",True,taxable,{},2026-08-05,,2026-05-18
ID,medical.devices,,False,exempt,{},2024-01-01,,2026-05-18
ID,medical.equipment,"Wheelchairs, hearing aids, prosthetics, durable medical equipment.",True,conditional,"{""note"": ""DME and prosthetics exempt when prescribed (Idaho Code 63-3622N)."", ""prescription_required"": true}",2026-05-21,https://tax.idaho.gov/taxes/sales-use/exemptions/,2026-05-21
ID,medical.otc,Over-the-counter medications.,True,taxable,"{""note"": ""OTC taxable unless dispensed by prescription.""}",2026-05-21,https://tax.idaho.gov/taxes/sales-use/exemptions/,2026-05-21
ID,medical.otc_drugs,,True,taxable,{},2024-01-01,,2026-05-18
ID,medical.prescription_drugs,,False,exempt,{},2024-01-01,,2026-05-18
ID,medical.rx,Prescription drugs (typically exempt nationwide).,False,exempt,{},2026-05-21,https://tax.idaho.gov/taxes/sales-use/exemptions/,2026-05-21
ID,publications.books,,True,taxable,{},2024-01-01,,2026-05-18
ID,publications.magazines,,True,taxable,{},2024-01-01,,2026-05-18
ID,publications.newspapers,,False,exempt,{},2024-01-01,,2026-05-18
ID,publications.textbooks,"Required course and college textbooks, printed or digital, as distinct from general trade books. Many states exempt these only when sold by a school or to an enrolled student.",True,taxable,{},2026-08-05,,2026-05-18
ID,services.ai_api,,False,exempt,{},2024-01-01,,2026-05-18
ID,services.data_processing,,False,exempt,{},2024-01-01,,2026-05-18
ID,services.personal_care,,False,exempt,{},2024-01-01,,2026-05-18
ID,services.professional,,False,exempt,{},2024-01-01,,2026-05-18
ID,services.repair,,True,taxable,{},2024-01-01,,2026-05-18
ID,services.web_hosting,,False,exempt,{},2024-01-01,,2026-05-18
ID,software.custom,,False,exempt,{},2024-01-01,,2026-05-18
ID,software.prewritten,,True,taxable,{},2024-01-01,,2026-05-18
ID,software.saas,,False,exempt,{},2024-01-01,,2026-05-18
IL,clothing.accessories,"Handbags, belts, jewelry, watches.",True,taxable,{},2026-05-20,https://tax.illinois.gov/content/dam/soi/en/web/tax/forms/publications/documents/pub-113.pdf,2026-05-20
IL,clothing.athletic,Sports and performance apparel; team uniforms; non-protective athletic gear.,True,taxable,{},2026-05-20,https://tax.illinois.gov/content/dam/soi/en/web/tax/forms/publications/documents/pub-113.pdf,2026-05-20
IL,clothing.formal,"Suits, gowns, ties, dress shirts not for everyday wear.",True,taxable,{},2026-05-20,https://tax.illinois.gov/content/dam/soi/en/web/tax/forms/publications/documents/pub-113.pdf,2026-05-20
IL,clothing.general,"Everyday wearing apparel; t-shirts, jeans, dresses, jackets.",True,taxable,{},2026-05-20,https://tax.illinois.gov/content/dam/soi/en/web/tax/forms/publications/documents/pub-113.pdf,2026-05-20
IL,clothing.protective,"Helmets, safety boots, protective work gear, hazard equipment.",True,taxable,{},2026-05-20,https://tax.illinois.gov/content/dam/soi/en/web/tax/forms/publications/documents/pub-113.pdf,2026-05-20
IL,digital.download,"Permanent-license software, e-books, music downloads, games.",True,taxable,"{""note"": ""Pre-written canned software, including electronically downloaded software, is taxable as tangible personal property (86 IAC 130.1935).""}",2026-05-20,https://tax.illinois.gov/research/legalinformation/regs/part130/130-1935.html,2026-05-20
IL,digital.saas,"Subscription software accessed via the web; CRMs, productivity tools.",False,exempt,"{""note"": ""IL does not tax SaaS — software accessed remotely without download is generally exempt (86 IAC 130.1935).""}",2026-05-20,https://tax.illinois.gov/research/legalinformation/regs/part130/130-1935.html,2026-05-20
IL,digital.streaming,Streaming services; on-demand video/music with no permanent copy.,True,conditional,"{""note"": ""IL has no statewide tax on streaming, but the City of Chicago imposes a 9% amusement tax on streaming services — apply at city level."", ""chicago_amusement_tax"": true}",2026-05-20,https://tax.illinois.gov/research/legalinformation/regs/part130/130-1935.html,2026-05-20
IL,digital_products.ebook,,False,exempt,{},2024-01-01,,2026-05-18
IL,digital_products.music,,False,exempt,{},2024-01-01,,2026-05-18
IL,digital_products.streaming,,False,exempt,{},2024-01-01,,2026-05-18
IL,digital_products.video,,False,exempt,{},2024-01-01,,2026-05-18
IL,food.bottled_water,"Plain, still, unsweetened, unflavored bottled drinking water (spring, mineral, distilled, or purified) sold in a sealed retail container. Excludes flavored, sweetened, or carbonated water, which is taxed as a soft drink under food.candy_soda.",False,exempt,"{""note"": ""Bottled water is statutorily defined as \""food\""; the 1% state occupation/use tax on off-premises food was eliminated 2026-01-01, but municipalities/counties may impose their own local grocery tax by ordinance (rates vary; e.g. Chicago did not adopt one)."", ""local_may_tax"": true}",2026-08-05,https://tax.illinois.gov/research/publications/bulletins/fy-2026-03.html,2026-08-05
IL,food.candy,,True,taxable,{},2024-01-01,,2026-05-18
IL,food.candy_soda,"Candy, soda, sweetened beverages (often taxed where groceries aren't).",True,taxable,"{""note"": ""Candy and soft drinks taxed at the full IL rate (not the food rate).""}",2026-05-20,https://tax.illinois.gov/content/dam/soi/en/web/tax/forms/publications/documents/pub-113.pdf,2026-05-20
IL,food.dietary_supplements,,True,taxable,{},2024-01-01,,2026-05-18
IL,food.grocery,Unprepared groceries; staples; produce; meat; dairy.,True,reduced_rate,"{""note"": ""The State 1% grocery tax ended 2026-01-01. Groceries are now taxed only locally, and the rate depends on location: a 1% local grocery tax where the municipality (or, in unincorporated areas, the county) adopted one (Chicago did not), plus the NITA grocery tax (1.50% Cook, 1.00% collar counties from 2026-08-01) and the Metro East Transit District tax. TaxLocus returns a flat 1% as an approximation; check the IDOR Tax Rate Finder (mytax.illinois.gov) for the exact rate at a location. Candy and soft drinks are not groceries and are taxed at the general rate."", ""per_location"": true, ""reduced_rate"": 0.01}",2026-01-01,https://tax.illinois.gov/research/publications/bulletins/fy-2026-11.html,2026-09-28
IL,food.prepared,"Restaurant meals, takeout, food sold for immediate consumption.",True,taxable,{},2026-05-20,https://tax.illinois.gov/content/dam/soi/en/web/tax/forms/publications/documents/pub-113.pdf,2026-05-20
IL,food.soft_drinks,,True,taxable,{},2024-01-01,,2026-05-18
IL,goods.electronics,,True,taxable,{},2024-01-01,,2026-05-18
IL,goods.furniture,,True,taxable,{},2024-01-01,,2026-05-18
IL,goods.general,,True,taxable,{},2024-01-01,,2026-05-18
IL,hygiene.diapers,"Infant/baby diapers and adult incontinence products (briefs, liners, underpads), cloth or disposable.",True,taxable,"{""note"": ""Diapers do NOT get the 1% low rate; full state+local rate.""}",2026-08-05,,2026-05-18
IL,hygiene.menstrual,"Menstrual and feminine hygiene products: tampons, sanitary pads, pantyliners, menstrual cups, and period underwear.",False,exempt,{},2026-08-05,https://www.ilga.gov,2026-08-05
IL,medical.devices,,False,exempt,{},2024-01-01,,2026-05-18
IL,medical.equipment,"Wheelchairs, hearing aids, prosthetics, durable medical equipment.",True,reduced_rate,"{""note"": ""DME including wheelchairs, prosthetics, prescription eyeglasses taxed at the 1% reduced rate."", ""reduced_rate"": 0.01}",2026-05-20,https://tax.illinois.gov/content/dam/soi/en/web/tax/forms/publications/documents/pub-113.pdf,2026-05-20
IL,medical.otc,Over-the-counter medications.,True,reduced_rate,"{""note"": ""IL taxes OTC medicines at the 1% reduced rate."", ""reduced_rate"": 0.01}",2026-05-20,https://tax.illinois.gov/content/dam/soi/en/web/tax/forms/publications/documents/pub-113.pdf,2026-05-20
IL,medical.otc_drugs,,True,taxable,{},2024-01-01,,2026-05-18
IL,medical.prescription_drugs,,False,exempt,{},2024-01-01,,2026-05-18
IL,medical.rx,Prescription drugs (typically exempt nationwide).,True,reduced_rate,"{""note"": ""IL taxes prescription drugs at the 1% state grocery/drug rate (35 ILCS 120/2-10)."", ""reduced_rate"": 0.01}",2026-05-20,https://tax.illinois.gov/content/dam/soi/en/web/tax/forms/publications/documents/pub-113.pdf,2026-05-20
IL,publications.books,,True,taxable,{},2024-01-01,,2026-05-18
IL,publications.magazines,,True,taxable,{},2024-01-01,,2026-05-18
IL,publications.newspapers,,False,exempt,{},2024-01-01,,2026-05-18
IL,publications.textbooks,"Required course and college textbooks, printed or digital, as distinct from general trade books. Many states exempt these only when sold by a school or to an enrolled student.",True,taxable,{},2026-08-05,,2026-05-18
IL,services.ai_api,,False,exempt,{},2024-01-01,,2026-05-18
IL,services.data_processing,,False,exempt,{},2024-01-01,,2026-05-18
IL,services.personal_care,,False,exempt,{},2024-01-01,,2026-05-18
IL,services.professional,,False,exempt,{},2024-01-01,,2026-05-18
IL,services.repair,,False,exempt,{},2024-01-01,,2026-05-18
IL,services.web_hosting,,False,exempt,{},2024-01-01,,2026-05-18
IL,software.custom,,False,exempt,{},2024-01-01,,2026-05-18
IL,software.prewritten,,True,taxable,{},2024-01-01,,2026-05-18
IL,software.saas,,False,exempt,{},2024-01-01,,2026-05-18
IN,clothing.accessories,"Handbags, belts, jewelry, watches.",True,taxable,{},2026-05-21,https://www.in.gov/dor/business-tax/sales-tax/,2026-05-21
IN,clothing.athletic,Sports and performance apparel; team uniforms; non-protective athletic gear.,True,taxable,{},2026-05-21,https://www.in.gov/dor/business-tax/sales-tax/,2026-05-21
IN,clothing.formal,"Suits, gowns, ties, dress shirts not for everyday wear.",True,taxable,{},2026-05-21,https://www.in.gov/dor/business-tax/sales-tax/,2026-05-21
IN,clothing.general,"Everyday wearing apparel; t-shirts, jeans, dresses, jackets.",True,taxable,{},2026-05-21,https://www.in.gov/dor/business-tax/sales-tax/,2026-05-21
IN,clothing.protective,"Helmets, safety boots, protective work gear, hazard equipment.",True,taxable,"{""note"": ""Manufacturing safety equipment may qualify for the manufacturing exemption.""}",2026-05-21,https://www.in.gov/dor/business-tax/sales-tax/,2026-05-21
IN,digital.download,"Permanent-license software, e-books, music downloads, games.",True,taxable,"{""note"": ""Specified digital products transferred electronically taxable (IC 6-2.5-4-16.4).""}",2026-05-21,https://iga.in.gov/laws/2024/ic/titles/6#6-2.5-4-16.4,2026-05-21
IN,digital.saas,"Subscription software accessed via the web; CRMs, productivity tools.",False,exempt,"{""note"": ""IN exempts remotely accessed prewritten software / SaaS (IC 6-2.5-4-16.7).""}",2026-05-21,https://iga.in.gov/laws/2024/ic/titles/6#6-2.5-4-16.7,2026-05-21
IN,digital.streaming,Streaming services; on-demand video/music with no permanent copy.,True,taxable,"{""note"": ""Streamed digital audio/audiovisual products taxable as specified digital products.""}",2026-05-21,https://iga.in.gov/laws/2024/ic/titles/6#6-2.5-4-16.4,2026-05-21
IN,digital_products.ebook,,True,taxable,{},2024-01-01,,2026-05-18
IN,digital_products.music,,True,taxable,{},2024-01-01,,2026-05-18
IN,digital_products.streaming,,True,taxable,{},2024-01-01,,2026-05-18
IN,digital_products.video,,True,taxable,{},2024-01-01,,2026-05-18
IN,food.bottled_water,"Plain, still, unsweetened, unflavored bottled drinking water (spring, mineral, distilled, or purified) sold in a sealed retail container. Excludes flavored, sweetened, or carbonated water, which is taxed as a soft drink under food.candy_soda.",True,conditional,"{""note"": ""Indiana taxes all bottled water except water whose container label specifically states \""natural spring water\"" with no additives; distilled, purified, mineral, and generically labeled drinking water remain taxable."", ""exempt_if"": ""label_states_natural_spring_water_no_additives""}",2026-08-05,https://www.in.gov/dor/files/reference/sib29.pdf,2026-08-05
IN,food.candy,,True,taxable,{},2024-01-01,,2026-05-18
IN,food.candy_soda,"Candy, soda, sweetened beverages (often taxed where groceries aren't).",True,taxable,"{""note"": ""Candy and soft drinks excluded from the food exemption.""}",2026-05-21,https://www.in.gov/dor/files/reference/sib29.pdf,2026-05-21
IN,food.dietary_supplements,,True,taxable,{},2024-01-01,,2026-05-18
IN,food.grocery,Unprepared groceries; staples; produce; meat; dairy.,False,exempt,"{""note"": ""Food and food ingredients for home consumption exempt (IC 6-2.5-5-20).""}",2026-05-21,https://www.in.gov/dor/files/reference/sib29.pdf,2026-05-21
IN,food.prepared,"Restaurant meals, takeout, food sold for immediate consumption.",True,taxable,{},2026-05-21,https://www.in.gov/dor/files/reference/sib29.pdf,2026-05-21
IN,food.soft_drinks,,True,taxable,{},2024-01-01,,2026-05-18
IN,goods.electronics,,True,taxable,{},2024-01-01,,2026-05-18
IN,goods.furniture,,True,taxable,{},2024-01-01,,2026-05-18
IN,goods.general,,True,taxable,{},2024-01-01,,2026-05-18
IN,hygiene.diapers,"Infant/baby diapers and adult incontinence products (briefs, liners, underpads), cloth or disposable.",False,exempt,"{""note"": ""Children exempt since 2022; adult added by HEA 1001-2025 (adult scope provisional)."", ""scope"": ""both""}",2026-08-05,https://www.in.gov/dor,2026-08-05
IN,hygiene.menstrual,"Menstrual and feminine hygiene products: tampons, sanitary pads, pantyliners, menstrual cups, and period underwear.",True,taxable,"{""note"": ""Exemption bill in progress, not effective.""}",2026-08-05,,2026-05-18
IN,medical.devices,,False,exempt,{},2024-01-01,,2026-05-18
IN,medical.equipment,"Wheelchairs, hearing aids, prosthetics, durable medical equipment.",True,conditional,"{""note"": ""DME, prosthetics, and mobility-enhancing equipment exempt when prescribed (IC 6-2.5-5-18)."", ""prescription_required"": true}",2026-05-21,https://iga.in.gov/laws/2024/ic/titles/6#6-2.5-5-18,2026-05-21
IN,medical.otc,Over-the-counter medications.,True,taxable,"{""note"": ""OTC taxable unless dispensed by prescription.""}",2026-05-21,https://iga.in.gov/laws/2024/ic/titles/6#6-2.5-5-18,2026-05-21
IN,medical.otc_drugs,,True,taxable,{},2024-01-01,,2026-05-18
IN,medical.prescription_drugs,,False,exempt,{},2024-01-01,,2026-05-18
IN,medical.rx,Prescription drugs (typically exempt nationwide).,False,exempt,{},2026-05-21,https://iga.in.gov/laws/2024/ic/titles/6#6-2.5-5-18,2026-05-21
IN,publications.books,,True,taxable,{},2024-01-01,,2026-05-18
IN,publications.magazines,,True,taxable,{},2024-01-01,,2026-05-18
IN,publications.newspapers,,False,exempt,{},2024-01-01,,2026-05-18
IN,publications.textbooks,"Required course and college textbooks, printed or digital, as distinct from general trade books. Many states exempt these only when sold by a school or to an enrolled student.",True,conditional,"{""note"": ""Exempt only when sold by a school to its own grade 1-12 students; college taxable."", ""exempt_if"": ""sold_by_school_to_k12_students""}",2026-08-05,https://www.in.gov/dor,2026-08-05
IN,services.ai_api,,False,exempt,{},2024-01-01,,2026-05-18
IN,services.data_processing,,False,exempt,{},2024-01-01,,2026-05-18
IN,services.personal_care,,False,exempt,{},2024-01-01,,2026-05-18
IN,services.professional,,False,exempt,{},2024-01-01,,2026-05-18
IN,services.repair,,True,taxable,{},2024-01-01,,2026-05-18
IN,services.web_hosting,,False,exempt,{},2024-01-01,,2026-05-18
IN,software.custom,,False,exempt,{},2024-01-01,,2026-05-18
IN,software.prewritten,,True,taxable,{},2024-01-01,,2026-05-18
IN,software.saas,,False,exempt,{},2024-01-01,,2026-05-18
KS,clothing.accessories,"Handbags, belts, jewelry, watches.",True,taxable,{},2026-05-21,https://www.ksrevenue.gov/bustaxtypessales.html,2026-05-21
KS,clothing.athletic,Sports and performance apparel; team uniforms; non-protective athletic gear.,True,taxable,{},2026-05-21,https://www.ksrevenue.gov/bustaxtypessales.html,2026-05-21
KS,clothing.formal,"Suits, gowns, ties, dress shirts not for everyday wear.",True,taxable,{},2026-05-21,https://www.ksrevenue.gov/bustaxtypessales.html,2026-05-21
KS,clothing.general,"Everyday wearing apparel; t-shirts, jeans, dresses, jackets.",True,taxable,{},2026-05-21,https://www.ksrevenue.gov/bustaxtypessales.html,2026-05-21
KS,clothing.protective,"Helmets, safety boots, protective work gear, hazard equipment.",True,taxable,"{""note"": ""Manufacturing safety equipment may qualify for the manufacturing exemption.""}",2026-05-21,https://www.ksrevenue.gov/bustaxtypessales.html,2026-05-21
KS,digital.download,"Permanent-license software, e-books, music downloads, games.",True,conditional,"{""note"": ""Prewritten software taxable regardless of delivery; other digital goods (music, e-books, video) not taxed in KS."", ""other_digital_exempt"": true, ""prewritten_software_taxable"": true}",2026-05-21,https://www.ksrevenue.gov/bustaxtypessales.html,2026-05-21
KS,digital.saas,"Subscription software accessed via the web; CRMs, productivity tools.",False,exempt,"{""note"": ""KS does not tax SaaS / remotely accessed software.""}",2026-05-21,https://www.ksrevenue.gov/bustaxtypessales.html,2026-05-21
KS,digital.streaming,Streaming services; on-demand video/music with no permanent copy.,False,exempt,"{""note"": ""KS does not tax streaming / non-software digital goods.""}",2026-05-21,https://www.ksrevenue.gov/bustaxtypessales.html,2026-05-21
KS,digital_products.ebook,,False,exempt,{},2024-01-01,,2026-05-18
KS,digital_products.music,,False,exempt,{},2024-01-01,,2026-05-18
KS,digital_products.streaming,,False,exempt,{},2024-01-01,,2026-05-18
KS,digital_products.video,,False,exempt,{},2024-01-01,,2026-05-18
KS,food.bottled_water,"Plain, still, unsweetened, unflavored bottled drinking water (spring, mineral, distilled, or purified) sold in a sealed retail container. Excludes flavored, sweetened, or carbonated water, which is taxed as a soft drink under food.candy_soda.",False,exempt,"{""note"": ""Bottled water is statutorily defined as food and food ingredients; the state sales tax rate on food was phased to 0% effective 2025-01-01; city/county local sales tax still applies."", ""local_may_tax"": true}",2026-08-05,https://www.ksrevenue.gov/pdf/pub1223.pdf,2026-08-05
KS,food.candy,,True,taxable,{},2024-01-01,,2026-05-18
KS,food.candy_soda,"Candy, soda, sweetened beverages (often taxed where groceries aren't).",True,taxable,"{""note"": ""Candy and soft drinks excluded from the 0% food rate; taxed at the full state + local rate.""}",2026-05-21,https://www.ksrevenue.gov/salestax-food.html,2026-05-21
KS,food.dietary_supplements,,True,taxable,{},2024-01-01,,2026-05-18
KS,food.grocery,Unprepared groceries; staples; produce; meat; dairy.,True,conditional,"{""note"": ""KS state sales tax on food fully phased out to 0% effective Jan 1, 2025 (HB 2106); local sales taxes still apply."", ""state_exempt"": true, ""local_taxable"": true}",2026-05-21,https://www.ksrevenue.gov/salestax-food.html,2026-05-21
KS,food.prepared,"Restaurant meals, takeout, food sold for immediate consumption.",True,taxable,"{""note"": ""Prepared food taxed at the full state + local rate.""}",2026-05-21,https://www.ksrevenue.gov/salestax-food.html,2026-05-21
KS,food.soft_drinks,,True,taxable,{},2024-01-01,,2026-05-18
KS,goods.electronics,,True,taxable,{},2024-01-01,,2026-05-18
KS,goods.furniture,,True,taxable,{},2024-01-01,,2026-05-18
KS,goods.general,,True,taxable,{},2024-01-01,,2026-05-18
KS,hygiene.diapers,"Infant/baby diapers and adult incontinence products (briefs, liners, underpads), cloth or disposable.",True,taxable,"{""note"": ""Exemption bill SB 107 died in committee.""}",2026-08-05,,2026-05-18
KS,hygiene.menstrual,"Menstrual and feminine hygiene products: tampons, sanitary pads, pantyliners, menstrual cups, and period underwear.",True,taxable,{},2026-08-05,,2026-05-18
KS,medical.devices,,False,exempt,{},2024-01-01,,2026-05-18
KS,medical.equipment,"Wheelchairs, hearing aids, prosthetics, durable medical equipment.",True,conditional,"{""note"": ""DME and prosthetics exempt when prescribed (K.S.A. 79-3606)."", ""prescription_required"": true}",2026-05-21,https://www.ksrevenue.gov/bustaxtypessales.html,2026-05-21
KS,medical.otc,Over-the-counter medications.,True,taxable,"{""note"": ""OTC taxable unless dispensed by prescription.""}",2026-05-21,https://www.ksrevenue.gov/bustaxtypessales.html,2026-05-21
KS,medical.otc_drugs,,True,taxable,{},2024-01-01,,2026-05-18
KS,medical.prescription_drugs,,False,exempt,{},2024-01-01,,2026-05-18
KS,medical.rx,Prescription drugs (typically exempt nationwide).,False,exempt,{},2026-05-21,https://www.ksrevenue.gov/bustaxtypessales.html,2026-05-21
KS,publications.books,,True,taxable,{},2024-01-01,,2026-05-18
KS,publications.magazines,,True,taxable,{},2024-01-01,,2026-05-18
KS,publications.newspapers,,False,exempt,{},2024-01-01,,2026-05-18
KS,publications.textbooks,"Required course and college textbooks, printed or digital, as distinct from general trade books. Many states exempt these only when sold by a school or to an enrolled student.",True,taxable,{},2026-08-05,,2026-05-18
KS,services.ai_api,,False,exempt,{},2024-01-01,,2026-05-18
KS,services.data_processing,,False,exempt,{},2024-01-01,,2026-05-18
KS,services.personal_care,,False,exempt,{},2024-01-01,,2026-05-18
KS,services.professional,,False,exempt,{},2024-01-01,,2026-05-18
KS,services.repair,,True,taxable,{},2024-01-01,,2026-05-18
KS,services.web_hosting,,False,exempt,{},2024-01-01,,2026-05-18
KS,software.custom,,False,exempt,{},2024-01-01,,2026-05-18
KS,software.prewritten,,True,taxable,{},2024-01-01,,2026-05-18
KS,software.saas,,False,exempt,{},2024-01-01,,2026-05-18
KY,clothing.accessories,"Handbags, belts, jewelry, watches.",True,taxable,{},2026-05-21,https://revenue.ky.gov/Business/Sales-Use-Tax/Pages/default.aspx,2026-05-21
KY,clothing.athletic,Sports and performance apparel; team uniforms; non-protective athletic gear.,True,taxable,{},2026-05-21,https://revenue.ky.gov/Business/Sales-Use-Tax/Pages/default.aspx,2026-05-21
KY,clothing.formal,"Suits, gowns, ties, dress shirts not for everyday wear.",True,taxable,{},2026-05-21,https://revenue.ky.gov/Business/Sales-Use-Tax/Pages/default.aspx,2026-05-21
KY,clothing.general,"Everyday wearing apparel; t-shirts, jeans, dresses, jackets.",True,taxable,{},2026-05-21,https://revenue.ky.gov/Business/Sales-Use-Tax/Pages/default.aspx,2026-05-21
KY,clothing.protective,"Helmets, safety boots, protective work gear, hazard equipment.",True,taxable,"{""note"": ""Manufacturing safety equipment may qualify for the manufacturing exemption.""}",2026-05-21,https://revenue.ky.gov/Business/Sales-Use-Tax/Pages/default.aspx,2026-05-21
KY,digital.download,"Permanent-license software, e-books, music downloads, games.",True,taxable,"{""note"": ""Digital property and prewritten software taxable (KRS 139.200).""}",2026-05-21,https://apps.legislature.ky.gov/law/statutes/statute.aspx?id=51817,2026-05-21
KY,digital.saas,"Subscription software accessed via the web; CRMs, productivity tools.",True,taxable,"{""note"": ""KY taxes SaaS / prewritten software access services after the 2023 services expansion (KRS 139.200).""}",2026-05-21,https://apps.legislature.ky.gov/law/statutes/statute.aspx?id=51817,2026-05-21
KY,digital.streaming,Streaming services; on-demand video/music with no permanent copy.,True,taxable,"{""note"": ""Digital audio/audiovisual works including streaming taxable.""}",2026-05-21,https://apps.legislature.ky.gov/law/statutes/statute.aspx?id=51817,2026-05-21
KY,digital_products.ebook,,True,taxable,{},2024-01-01,,2026-05-18
KY,digital_products.music,,True,taxable,{},2024-01-01,,2026-05-18
KY,digital_products.streaming,,True,taxable,{},2024-01-01,,2026-05-18
KY,digital_products.video,,True,taxable,{},2024-01-01,,2026-05-18
KY,food.bottled_water,"Plain, still, unsweetened, unflavored bottled drinking water (spring, mineral, distilled, or purified) sold in a sealed retail container. Excludes flavored, sweetened, or carbonated water, which is taxed as a soft drink under food.candy_soda.",False,exempt,"{""note"": ""Unsweetened bottled water does not meet the statutory definition of a taxable \""soft drink,\"" which requires an added sweetener, so it falls under the food exemption.""}",2026-08-05,https://apps.legislature.ky.gov/law/statutes/statute.aspx?id=28898,2026-08-05
KY,food.candy,,True,taxable,{},2024-01-01,,2026-05-18
KY,food.candy_soda,"Candy, soda, sweetened beverages (often taxed where groceries aren't).",True,taxable,"{""note"": ""Candy and soft drinks excluded from the food exemption (taxable).""}",2026-05-21,https://revenue.ky.gov/Business/Sales-Use-Tax/Pages/default.aspx,2026-05-21
KY,food.dietary_supplements,,True,taxable,{},2024-01-01,,2026-05-18
KY,food.grocery,Unprepared groceries; staples; produce; meat; dairy.,False,exempt,"{""note"": ""Food and food ingredients exempt (KRS 139.485); prepared food taxable.""}",2026-05-21,https://revenue.ky.gov/Business/Sales-Use-Tax/Pages/default.aspx,2026-05-21
KY,food.prepared,"Restaurant meals, takeout, food sold for immediate consumption.",True,taxable,{},2026-05-21,https://revenue.ky.gov/Business/Sales-Use-Tax/Pages/default.aspx,2026-05-21
KY,food.soft_drinks,,True,taxable,{},2024-01-01,,2026-05-18
KY,goods.electronics,,True,taxable,{},2024-01-01,,2026-05-18
KY,goods.furniture,,True,taxable,{},2024-01-01,,2026-05-18
KY,goods.general,,True,taxable,{},2024-01-01,,2026-05-18
KY,hygiene.diapers,"Infant/baby diapers and adult incontinence products (briefs, liners, underpads), cloth or disposable.",True,taxable,{},2026-08-05,,2026-05-18
KY,hygiene.menstrual,"Menstrual and feminine hygiene products: tampons, sanitary pads, pantyliners, menstrual cups, and period underwear.",True,taxable,"{""note"": ""2026 exemption bill pending, not effective.""}",2026-08-05,,2026-05-18
KY,medical.devices,,False,exempt,{},2024-01-01,,2026-05-18
KY,medical.equipment,"Wheelchairs, hearing aids, prosthetics, durable medical equipment.",True,conditional,"{""note"": ""DME and prosthetics exempt when prescribed (KRS 139.472)."", ""prescription_required"": true}",2026-05-21,https://apps.legislature.ky.gov/law/statutes/statute.aspx?id=51820,2026-05-21
KY,medical.otc,Over-the-counter medications.,True,taxable,"{""note"": ""OTC taxable unless dispensed by prescription.""}",2026-05-21,https://apps.legislature.ky.gov/law/statutes/statute.aspx?id=51820,2026-05-21
KY,medical.otc_drugs,,True,taxable,{},2024-01-01,,2026-05-18
KY,medical.prescription_drugs,,False,exempt,{},2024-01-01,,2026-05-18
KY,medical.rx,Prescription drugs (typically exempt nationwide).,False,exempt,{},2026-05-21,https://apps.legislature.ky.gov/law/statutes/statute.aspx?id=51820,2026-05-21
KY,publications.books,,True,taxable,{},2024-01-01,,2026-05-18
KY,publications.magazines,,True,taxable,{},2024-01-01,,2026-05-18
KY,publications.newspapers,,False,exempt,{},2024-01-01,,2026-05-18
KY,publications.textbooks,"Required course and college textbooks, printed or digital, as distinct from general trade books. Many states exempt these only when sold by a school or to an enrolled student.",True,conditional,"{""note"": ""Exempt when for a course at a KRS 139.495 nonprofit institution (use-tied, certificate-driven); ordinary retail student sales default taxable."", ""exempt_if"": ""course_at_nonprofit_institution""}",2026-08-05,https://apps.legislature.ky.gov,2026-08-05
KY,services.ai_api,,True,taxable,{},2024-01-01,,2026-05-18
KY,services.data_processing,,False,exempt,{},2024-01-01,,2026-05-18
KY,services.personal_care,,False,exempt,{},2024-01-01,,2026-05-18
KY,services.professional,,False,exempt,{},2024-01-01,,2026-05-18
KY,services.repair,,True,taxable,{},2024-01-01,,2026-05-18
KY,services.web_hosting,,True,taxable,{},2024-01-01,,2026-05-18
KY,software.custom,,False,exempt,{},2024-01-01,,2026-05-18
KY,software.prewritten,,True,taxable,{},2024-01-01,,2026-05-18
KY,software.saas,,True,taxable,{},2024-01-01,,2026-05-18
LA,clothing.accessories,"Handbags, belts, jewelry, watches.",True,taxable,{},2026-05-21,https://revenue.louisiana.gov/SalesTax,2026-05-21
LA,clothing.athletic,Sports and performance apparel; team uniforms; non-protective athletic gear.,True,taxable,{},2026-05-21,https://revenue.louisiana.gov/SalesTax,2026-05-21
LA,clothing.formal,"Suits, gowns, ties, dress shirts not for everyday wear.",True,taxable,{},2026-05-21,https://revenue.louisiana.gov/SalesTax,2026-05-21
LA,clothing.general,"Everyday wearing apparel; t-shirts, jeans, dresses, jackets.",True,taxable,{},2026-05-21,https://revenue.louisiana.gov/SalesTax,2026-05-21
LA,clothing.protective,"Helmets, safety boots, protective work gear, hazard equipment.",True,conditional,"{""note"": ""Manufacturing safety equipment may qualify; consumer PPE taxable."", ""business_use_exempt"": true}",2026-05-21,https://revenue.louisiana.gov/SalesTax,2026-05-21
LA,digital.download,"Permanent-license software, e-books, music downloads, games.",True,taxable,"{""note"": ""Digital products taxable effective Jan 1, 2025 (Act 11, 2024).""}",2026-05-21,https://revenue.louisiana.gov/SalesTax,2026-05-21
LA,digital.saas,"Subscription software accessed via the web; CRMs, productivity tools.",True,taxable,"{""note"": ""LA taxes prewritten software access (SaaS) effective Jan 1, 2025 (Act 11, 2024 3rd Ex. Sess.).""}",2026-05-21,https://revenue.louisiana.gov/SalesTax,2026-05-21
LA,digital.streaming,Streaming services; on-demand video/music with no permanent copy.,True,taxable,"{""note"": ""Digital audiovisual/audio works including streaming taxable effective Jan 1, 2025.""}",2026-05-21,https://revenue.louisiana.gov/SalesTax,2026-05-21
LA,digital_products.ebook,,True,taxable,{},2024-01-01,,2026-05-18
LA,digital_products.music,,True,taxable,{},2024-01-01,,2026-05-18
LA,digital_products.streaming,,True,taxable,{},2024-01-01,,2026-05-18
LA,digital_products.video,,True,taxable,{},2024-01-01,,2026-05-18
LA,food.bottled_water,"Plain, still, unsweetened, unflavored bottled drinking water (spring, mineral, distilled, or purified) sold in a sealed retail container. Excludes flavored, sweetened, or carbonated water, which is taxed as a soft drink under food.candy_soda.",True,taxable,"{""note"": ""Louisiana's sales tax exemption for water explicitly excludes any water sold in bottles, jugs, or containers, so bottled water is taxable even though tap/utility water is exempt.""}",2026-08-05,https://law.justia.com/codes/louisiana/revised-statutes/title-47/rs-47-305/,2026-08-05
LA,food.candy,,True,conditional,"{""note"": ""Candy is food for home consumption, exempt from the state tax (R.S. 47:305(C)); parish and municipal taxes apply."", ""state_exempt"": true, ""local_taxable"": true}",2024-01-01,https://legis.la.gov/Legis/Law.aspx?d=101873,2026-09-28
LA,food.candy_soda,"Candy, soda, sweetened beverages (often taxed where groceries aren't).",True,conditional,"{""note"": ""Candy and soft drinks are SNAP-eligible and within the state food exemption; local taxes apply."", ""state_exempt"": true, ""local_taxable"": true}",2026-05-21,https://revenue.louisiana.gov/SalesTax,2026-05-21
LA,food.dietary_supplements,,True,taxable,{},2024-01-01,,2026-05-18
LA,food.grocery,Unprepared groceries; staples; produce; meat; dairy.,True,conditional,"{""note"": ""Food for home consumption exempt from the state tax (La. R.S. 47:305(D)); local taxes apply."", ""state_exempt"": true, ""local_taxable"": true}",2026-05-21,https://revenue.louisiana.gov/SalesTax,2026-05-21
LA,food.prepared,"Restaurant meals, takeout, food sold for immediate consumption.",True,taxable,{},2026-05-21,https://revenue.louisiana.gov/SalesTax,2026-05-21
LA,food.soft_drinks,,True,conditional,"{""note"": ""Soft drinks for home consumption are exempt from the state tax (R.S. 47:305(C)(1)(c)); local taxes apply. Drinks sold with a cup or straw are not food for home consumption."", ""state_exempt"": true, ""local_taxable"": true}",2024-01-01,https://legis.la.gov/Legis/Law.aspx?d=101873,2026-09-28
LA,goods.electronics,,True,taxable,{},2024-01-01,,2026-05-18
LA,goods.furniture,,True,taxable,{},2024-01-01,,2026-05-18
LA,goods.general,,True,taxable,{},2024-01-01,,2026-05-18
LA,hygiene.diapers,"Infant/baby diapers and adult incontinence products (briefs, liners, underpads), cloth or disposable.",False,exempt,"{""scope"": ""both""}",2026-08-05,https://www.legis.la.gov,2026-08-05
LA,hygiene.menstrual,"Menstrual and feminine hygiene products: tampons, sanitary pads, pantyliners, menstrual cups, and period underwear.",False,exempt,"{""note"": ""State exempt; a minority of local jurisdictions may still levy local tax."", ""local_may_tax"": true}",2026-08-05,https://www.legis.la.gov,2026-08-05
LA,medical.devices,,False,exempt,{},2024-01-01,,2026-05-18
LA,medical.equipment,"Wheelchairs, hearing aids, prosthetics, durable medical equipment.",True,conditional,"{""note"": ""DME and prosthetics exempt when prescribed (La. R.S. 47:305)."", ""prescription_required"": true}",2026-05-21,https://revenue.louisiana.gov/SalesTax,2026-05-21
LA,medical.otc,Over-the-counter medications.,True,taxable,"{""note"": ""OTC taxable unless dispensed by prescription.""}",2026-05-21,https://revenue.louisiana.gov/SalesTax,2026-05-21
LA,medical.otc_drugs,,True,taxable,{},2024-01-01,,2026-05-18
LA,medical.prescription_drugs,,False,exempt,{},2024-01-01,,2026-05-18
LA,medical.rx,Prescription drugs (typically exempt nationwide).,False,exempt,{},2026-05-21,https://revenue.louisiana.gov/SalesTax,2026-05-21
LA,publications.books,,True,taxable,{},2024-01-01,,2026-05-18
LA,publications.magazines,,True,taxable,{},2024-01-01,,2026-05-18
LA,publications.newspapers,,False,exempt,{},2024-01-01,,2026-05-18
LA,publications.textbooks,"Required course and college textbooks, printed or digital, as distinct from general trade books. Many states exempt these only when sold by a school or to an enrolled student.",True,taxable,"{""note"": ""College textbooks fully taxable; digital textbooks taxable since 2025-01-01.""}",2026-08-05,,2026-05-18
LA,services.ai_api,,True,taxable,{},2024-01-01,,2026-05-18
LA,services.data_processing,,False,exempt,{},2024-01-01,,2026-05-18
LA,services.personal_care,,False,exempt,{},2024-01-01,,2026-05-18
LA,services.professional,,False,exempt,{},2024-01-01,,2026-05-18
LA,services.repair,,True,taxable,{},2024-01-01,,2026-05-18
LA,services.web_hosting,,False,exempt,{},2024-01-01,,2026-05-18
LA,software.custom,,False,exempt,{},2024-01-01,,2026-05-18
LA,software.prewritten,,True,taxable,{},2024-01-01,,2026-05-18
LA,software.saas,,True,taxable,{},2024-01-01,,2026-05-18
MA,clothing.accessories,"Handbags, belts, jewelry, watches.",True,taxable,"{""note"": ""Jewelry, handbags, and watches not within the clothing exemption.""}",2026-05-21,https://malegislature.gov/Laws/GeneralLaws/PartI/TitleIX/Chapter64H/Section6,2026-05-21
MA,clothing.athletic,Sports and performance apparel; team uniforms; non-protective athletic gear.,False,conditional,"{""note"": ""Everyday athletic apparel under the $175 excess rule; sport-specific protective gear taxable."", ""cap_basis"": ""excess_over_cap"", ""price_cap_cents"": 17500}",2026-05-21,https://malegislature.gov/Laws/GeneralLaws/PartI/TitleIX/Chapter64H/Section6,2026-05-21
MA,clothing.formal,"Suits, gowns, ties, dress shirts not for everyday wear.",False,conditional,"{""note"": ""Formal wear follows the $175-per-item excess rule."", ""cap_basis"": ""excess_over_cap"", ""price_cap_cents"": 17500}",2026-05-21,https://malegislature.gov/Laws/GeneralLaws/PartI/TitleIX/Chapter64H/Section6,2026-05-21
MA,clothing.general,"Everyday wearing apparel; t-shirts, jeans, dresses, jackets.",False,conditional,"{""note"": ""MA exempts clothing; only the amount over $175 per item is taxable (M.G.L. c.64H §6(k)). TaxLocus computes the tax on the per-item excess automatically — items at/under $175 are exempt."", ""cap_basis"": ""excess_over_cap"", ""excess_taxable"": true, ""price_cap_cents"": 17500}",2026-05-21,https://malegislature.gov/Laws/GeneralLaws/PartI/TitleIX/Chapter64H/Section6,2026-05-21
MA,clothing.protective,"Helmets, safety boots, protective work gear, hazard equipment.",True,taxable,"{""note"": ""Athletic/protective equipment excluded from the clothing exemption.""}",2026-05-21,https://malegislature.gov/Laws/GeneralLaws/PartI/TitleIX/Chapter64H/Section6,2026-05-21
MA,digital.download,"Permanent-license software, e-books, music downloads, games.",True,conditional,"{""note"": ""Prewritten/canned software downloads taxable; e-books, music, and video downloads are NOT taxed in MA (only prewritten software)."", ""other_digital_exempt"": true, ""prewritten_software_taxable"": true}",2026-05-21,https://www.mass.gov/regulations/830-CMR-64H13-computer-industry-services-and-products,2026-05-21
MA,digital.saas,"Subscription software accessed via the web; CRMs, productivity tools.",True,taxable,"{""note"": ""MA taxes prewritten software regardless of delivery method, including remote access (830 CMR 64H.1.3).""}",2026-05-21,https://www.mass.gov/regulations/830-CMR-64H13-computer-industry-services-and-products,2026-05-21
MA,digital.streaming,Streaming services; on-demand video/music with no permanent copy.,False,exempt,"{""note"": ""MA does not tax streaming services.""}",2026-05-21,https://www.mass.gov/regulations/830-CMR-64H13-computer-industry-services-and-products,2026-05-21
MA,digital_products.ebook,,False,exempt,{},2024-01-01,,2026-05-18
MA,digital_products.music,,False,exempt,{},2024-01-01,,2026-05-18
MA,digital_products.streaming,,False,exempt,{},2024-01-01,,2026-05-18
MA,digital_products.video,,False,exempt,{},2024-01-01,,2026-05-18
MA,food.bottled_water,"Plain, still, unsweetened, unflavored bottled drinking water (spring, mineral, distilled, or purified) sold in a sealed retail container. Excludes flavored, sweetened, or carbonated water, which is taxed as a soft drink under food.candy_soda.",False,exempt,"{""note"": ""Only unopened, original-container sales are exempt; water dispensed or poured for immediate consumption is taxable as a meal.""}",2026-08-05,https://www.mass.gov/letter-ruling/letter-ruling-81-99-water-dispensed-by-vending-machines,2026-08-05
MA,food.candy,,False,exempt,{},2024-01-01,,2026-05-18
MA,food.candy_soda,"Candy, soda, sweetened beverages (often taxed where groceries aren't).",False,exempt,"{""note"": ""MA treats candy and soft drinks as food — exempt (M.G.L. c.64H §6(h)).""}",2026-05-21,https://malegislature.gov/Laws/GeneralLaws/PartI/TitleIX/Chapter64H/Section6,2026-05-21
MA,food.dietary_supplements,,True,taxable,{},2024-01-01,,2026-05-18
MA,food.grocery,Unprepared groceries; staples; produce; meat; dairy.,False,exempt,"{""note"": ""Food for human consumption exempt (M.G.L. c.64H §6(h)).""}",2026-05-21,https://malegislature.gov/Laws/GeneralLaws/PartI/TitleIX/Chapter64H/Section6,2026-05-21
MA,food.prepared,"Restaurant meals, takeout, food sold for immediate consumption.",True,taxable,"{""note"": ""Restaurant meals taxable (meals tax).""}",2026-05-21,https://www.mass.gov/guides/sales-tax-on-meals,2026-05-21
MA,food.soft_drinks,,False,exempt,{},2024-01-01,,2026-05-18
MA,goods.electronics,,True,taxable,{},2024-01-01,,2026-05-18
MA,goods.furniture,,True,taxable,{},2024-01-01,,2026-05-18
MA,goods.general,,True,taxable,{},2024-01-01,,2026-05-18
MA,hygiene.diapers,"Infant/baby diapers and adult incontinence products (briefs, liners, underpads), cloth or disposable.",False,exempt,"{""note"": ""Exempt as clothing under $175."", ""basis"": ""clothing"", ""scope"": ""both""}",2026-08-05,https://www.mass.gov,2026-08-05
MA,hygiene.menstrual,"Menstrual and feminine hygiene products: tampons, sanitary pads, pantyliners, menstrual cups, and period underwear.",False,exempt,{},2026-08-05,https://malegislature.gov,2026-08-05
MA,medical.devices,,False,exempt,{},2024-01-01,,2026-05-18
MA,medical.equipment,"Wheelchairs, hearing aids, prosthetics, durable medical equipment.",False,exempt,"{""note"": ""Wheelchairs, prosthetics, and medical equipment exempt (M.G.L. c.64H §6(l)).""}",2026-05-21,https://malegislature.gov/Laws/GeneralLaws/PartI/TitleIX/Chapter64H/Section6,2026-05-21
MA,medical.otc,Over-the-counter medications.,True,taxable,"{""note"": ""OTC taxable; only medicine sold on prescription is exempt.""}",2026-05-21,https://malegislature.gov/Laws/GeneralLaws/PartI/TitleIX/Chapter64H/Section6,2026-05-21
MA,medical.otc_drugs,,True,taxable,{},2024-01-01,,2026-05-18
MA,medical.prescription_drugs,,False,exempt,{},2024-01-01,,2026-05-18
MA,medical.rx,Prescription drugs (typically exempt nationwide).,False,exempt,{},2026-05-21,https://malegislature.gov/Laws/GeneralLaws/PartI/TitleIX/Chapter64H/Section6,2026-05-21
MA,publications.books,,True,taxable,{},2024-01-01,,2026-05-18
MA,publications.magazines,,True,taxable,{},2024-01-01,,2026-05-18
MA,publications.newspapers,,False,exempt,{},2024-01-01,,2026-05-18
MA,publications.textbooks,"Required course and college textbooks, printed or digital, as distinct from general trade books. Many states exempt these only when sold by a school or to an enrolled student.",True,conditional,"{""note"": ""Exempt for required books sold to students in an educational institution (Form ST-8)."", ""exempt_if"": ""required_and_sold_to_students_form_ST8""}",2026-08-05,https://www.mass.gov,2026-08-05
MA,services.ai_api,,True,taxable,{},2024-01-01,,2026-05-18
MA,services.data_processing,,False,exempt,{},2024-01-01,,2026-05-18
MA,services.personal_care,,False,exempt,{},2024-01-01,,2026-05-18
MA,services.professional,,False,exempt,{},2024-01-01,,2026-05-18
MA,services.repair,,False,exempt,{},2024-01-01,,2026-05-18
MA,services.web_hosting,,False,exempt,{},2024-01-01,,2026-05-18
MA,software.custom,,False,exempt,{},2024-01-01,,2026-05-18
MA,software.prewritten,,True,taxable,{},2024-01-01,,2026-05-18
MA,software.saas,,True,taxable,{},2024-01-01,,2026-05-18
MD,clothing.accessories,"Handbags, belts, jewelry, watches.",True,taxable,{},2026-05-21,https://www.marylandtaxes.gov/business/sales-use/index.php,2026-05-21
MD,clothing.athletic,Sports and performance apparel; team uniforms; non-protective athletic gear.,True,conditional,"{""tax_holiday"": {""scope"": ""full"", ""windows"": [{""end"": ""2026-08-15"", ""start"": ""2026-08-09""}], ""price_cap_cents"": 10000}}",2026-06-01,https://www.marylandtaxes.gov/individual/shop-maryland/index.php,2026-05-21
MD,clothing.formal,"Suits, gowns, ties, dress shirts not for everyday wear.",True,conditional,"{""tax_holiday"": {""scope"": ""full"", ""windows"": [{""end"": ""2026-08-15"", ""start"": ""2026-08-09""}], ""price_cap_cents"": 10000}}",2026-06-01,https://www.marylandtaxes.gov/individual/shop-maryland/index.php,2026-05-21
MD,clothing.general,"Everyday wearing apparel; t-shirts, jeans, dresses, jackets.",True,conditional,"{""tax_holiday"": {""scope"": ""full"", ""windows"": [{""end"": ""2026-08-15"", ""start"": ""2026-08-09""}], ""price_cap_cents"": 10000}}",2026-06-01,https://www.marylandtaxes.gov/individual/shop-maryland/index.php,2026-05-21
MD,clothing.protective,"Helmets, safety boots, protective work gear, hazard equipment.",True,taxable,"{""note"": ""Manufacturing safety equipment may qualify for the manufacturing exemption.""}",2026-05-21,https://www.marylandtaxes.gov/business/sales-use/index.php,2026-05-21
MD,digital.download,"Permanent-license software, e-books, music downloads, games.",True,taxable,"{""note"": ""MD taxes digital products — software, e-books, music, video (HB 932, 2021).""}",2026-05-21,https://mgaleg.maryland.gov/mgawebsite/Legislation/Details/hb0932?ys=2020RS,2026-05-21
MD,digital.saas,"Subscription software accessed via the web; CRMs, productivity tools.",True,taxable,"{""note"": ""MD taxes digital products including SaaS (HB 932, 2021); a narrow carve-out exists for certain enterprise/commercial-purpose software.""}",2026-05-21,https://mgaleg.maryland.gov/mgawebsite/Legislation/Details/hb0932?ys=2020RS,2026-05-21
MD,digital.streaming,Streaming services; on-demand video/music with no permanent copy.,True,taxable,"{""note"": ""MD taxes streaming as a digital product.""}",2026-05-21,https://mgaleg.maryland.gov/mgawebsite/Legislation/Details/hb0932?ys=2020RS,2026-05-21
MD,digital_products.ebook,,True,taxable,{},2024-01-01,,2026-05-18
MD,digital_products.music,,True,taxable,{},2024-01-01,,2026-05-18
MD,digital_products.streaming,,True,taxable,{},2024-01-01,,2026-05-18
MD,digital_products.video,,True,taxable,{},2024-01-01,,2026-05-18
MD,food.bottled_water,"Plain, still, unsweetened, unflavored bottled drinking water (spring, mineral, distilled, or purified) sold in a sealed retail container. Excludes flavored, sweetened, or carbonated water, which is taxed as a soft drink under food.candy_soda.",True,taxable,"{""note"": ""Applies to all pack sizes per official Comptroller guidance; a secondary blog claims multi-packs are exempt, but that carve-out does not appear in Business Tax Tip #5, COMAR 03.06.01.22, or Tax-General 11-206.""}",2026-08-05,https://www.marylandcomptroller.gov/content/dam/mdcomp/tax/legal-publications/tips/business/bustip5.pdf,2026-08-05
MD,food.candy,,True,taxable,"{""note"": ""Candy and confectionery are excluded from the food exemption (Tax-Gen. 11-206); taxed at 6%.""}",2024-01-01,https://mgaleg.maryland.gov/mgawebsite/Laws/StatuteText?article=gtg&section=11-206&enactments=false,2026-09-28
MD,food.candy_soda,"Candy, soda, sweetened beverages (often taxed where groceries aren't).",False,needs_research,"{""note"": ""Maryland's treatment of candy and single-serving soft drinks under the food exemption needs authoritative confirmation.""}",2026-05-21,https://www.marylandtaxes.gov/business/sales-use/tax-information/index.php,2026-05-21
MD,food.dietary_supplements,,False,exempt,{},2024-01-01,,2026-05-18
MD,food.grocery,Unprepared groceries; staples; produce; meat; dairy.,False,exempt,"{""note"": ""Grocery food exempt (Md. Tax-Gen. 11-206); prepared and snack food taxable.""}",2026-05-21,https://www.marylandtaxes.gov/business/sales-use/tax-information/index.php,2026-05-21
MD,food.prepared,"Restaurant meals, takeout, food sold for immediate consumption.",True,taxable,{},2026-05-21,https://www.marylandtaxes.gov/business/sales-use/tax-information/index.php,2026-05-21
MD,food.soft_drinks,,True,taxable,"{""note"": ""Soft drinks and carbonated beverages are excluded from the food exemption (Tax-Gen. 11-206); taxed at 6%.""}",2024-01-01,https://mgaleg.maryland.gov/mgawebsite/Laws/StatuteText?article=gtg&section=11-206&enactments=false,2026-09-28
MD,goods.electronics,,True,taxable,{},2024-01-01,,2026-05-18
MD,goods.furniture,,True,taxable,{},2024-01-01,,2026-05-18
MD,goods.general,,True,taxable,{},2024-01-01,,2026-05-18
MD,hygiene.diapers,"Infant/baby diapers and adult incontinence products (briefs, liners, underpads), cloth or disposable.",False,exempt,"{""scope"": ""both""}",2026-08-05,https://mgaleg.maryland.gov,2026-08-05
MD,hygiene.menstrual,"Menstrual and feminine hygiene products: tampons, sanitary pads, pantyliners, menstrual cups, and period underwear.",False,exempt,{},2026-08-05,https://mgaleg.maryland.gov,2026-08-05
MD,medical.devices,,False,exempt,{},2024-01-01,,2026-05-18
MD,medical.equipment,"Wheelchairs, hearing aids, prosthetics, durable medical equipment.",False,exempt,"{""note"": ""MD exempts medical devices and durable medical equipment (Md. Tax-Gen. 11-211).""}",2026-05-21,https://www.marylandtaxes.gov/business/sales-use/tax-information/index.php,2026-05-21
MD,medical.otc,Over-the-counter medications.,False,exempt,"{""note"": ""MD exempts medicines including many over-the-counter drugs used to treat illness (Md. Tax-Gen. 11-211).""}",2026-05-21,https://www.marylandtaxes.gov/business/sales-use/tax-information/index.php,2026-05-21
MD,medical.otc_drugs,,False,exempt,{},2024-01-01,,2026-05-18
MD,medical.prescription_drugs,,False,exempt,{},2024-01-01,,2026-05-18
MD,medical.rx,Prescription drugs (typically exempt nationwide).,False,exempt,{},2026-05-21,https://www.marylandtaxes.gov/business/sales-use/tax-information/index.php,2026-05-21
MD,publications.books,,True,taxable,{},2024-01-01,,2026-05-18
MD,publications.magazines,,True,taxable,{},2024-01-01,,2026-05-18
MD,publications.newspapers,,False,exempt,{},2024-01-01,,2026-05-18
MD,publications.textbooks,"Required course and college textbooks, printed or digital, as distinct from general trade books. Many states exempt these only when sold by a school or to an enrolled student.",True,taxable,"{""note"": ""Taxable in print or electronic form; a widely-cited student exemption describes a never-enacted 2008 bill.""}",2026-08-05,,2026-05-18
MD,services.ai_api,,True,taxable,{},2024-01-01,,2026-05-18
MD,services.data_processing,,True,reduced_rate,"{""note"": ""Data processing (NAICS 518) taxed at 3% from 2025-07-01, except payroll services and financial transaction processing (TB 56). No general business-buyer exemption; affiliated-group sales exempt from 2026-07-01."", ""reduced_rate"": 0.03}",2025-07-01,https://www.marylandcomptroller.gov/content/dam/mdcomp/tax/legal-publications/technical-bulletins/tb-56.pdf,2026-09-28
MD,services.personal_care,,False,exempt,{},2024-01-01,,2026-05-18
MD,services.professional,,False,exempt,{},2024-01-01,,2026-05-18
MD,services.repair,,True,taxable,{},2024-01-01,,2026-05-18
MD,services.web_hosting,,True,reduced_rate,"{""note"": ""Web and application hosting (NAICS 518) taxed at 3% from 2025-07-01 (TB 56). No general business-buyer exemption; affiliated-group sales exempt from 2026-07-01."", ""reduced_rate"": 0.03}",2025-07-01,https://www.marylandcomptroller.gov/content/dam/mdcomp/tax/legal-publications/technical-bulletins/tb-56.pdf,2026-09-28
MD,software.custom,,True,reduced_rate,"{""note"": ""Custom computer programming (NAICS 541511) taxed at 3% from 2025-07-01; the customized-software exemption was repealed (TB 56 Q7). No general business-buyer exemption; affiliated-group sales exempt from 2026-07-01."", ""reduced_rate"": 0.03}",2025-07-01,https://www.marylandcomptroller.gov/content/dam/mdcomp/tax/legal-publications/technical-bulletins/tb-56.pdf,2026-09-28
MD,software.prewritten,,True,taxable,{},2024-01-01,,2026-05-18
MD,software.saas,,True,conditional,"{""note"": ""SaaS bought for use in an enterprise computer system for commercial purposes is taxed at 3% from 2025-07-01; SaaS bought for individual use is a digital product taxed at 6% (TB 56 Q6). Sales between members of an affiliated group are exempt from 2026-07-01 (Chapters 351/352 of 2026)."", ""b2b_rate"": 0.03}",2025-07-01,https://www.marylandcomptroller.gov/content/dam/mdcomp/tax/legal-publications/technical-bulletins/tb-56.pdf,2026-09-28
ME,clothing.accessories,"Handbags, belts, jewelry, watches.",True,taxable,{},2026-05-21,https://www.maine.gov/revenue/taxes/sales-use-service-provider-tax,2026-05-21
ME,clothing.athletic,Sports and performance apparel; team uniforms; non-protective athletic gear.,True,taxable,{},2026-05-21,https://www.maine.gov/revenue/taxes/sales-use-service-provider-tax,2026-05-21
ME,clothing.formal,"Suits, gowns, ties, dress shirts not for everyday wear.",True,taxable,{},2026-05-21,https://www.maine.gov/revenue/taxes/sales-use-service-provider-tax,2026-05-21
ME,clothing.general,"Everyday wearing apparel; t-shirts, jeans, dresses, jackets.",True,taxable,{},2026-05-21,https://www.maine.gov/revenue/taxes/sales-use-service-provider-tax,2026-05-21
ME,clothing.protective,"Helmets, safety boots, protective work gear, hazard equipment.",True,taxable,"{""note"": ""Manufacturing safety equipment may qualify for the production exemption.""}",2026-05-21,https://www.maine.gov/revenue/taxes/sales-use-service-provider-tax,2026-05-21
ME,digital.download,"Permanent-license software, e-books, music downloads, games.",True,taxable,"{""note"": ""Prewritten software and digital products taxable (36 M.R.S. 1811).""}",2026-05-21,https://www.maine.gov/revenue/taxes/sales-use-service-provider-tax,2026-05-21
ME,digital.saas,"Subscription software accessed via the web; CRMs, productivity tools.",False,exempt,"{""note"": ""ME does not tax SaaS / remotely accessed software.""}",2026-05-21,https://www.maine.gov/revenue/taxes/sales-use-service-provider-tax,2026-05-21
ME,digital.streaming,Streaming services; on-demand video/music with no permanent copy.,True,taxable,"{""note"": ""Digital audio/audiovisual products including streaming taxable.""}",2026-05-21,https://www.maine.gov/revenue/taxes/sales-use-service-provider-tax,2026-05-21
ME,digital_products.ebook,,True,taxable,{},2024-01-01,,2026-05-18
ME,digital_products.music,,True,taxable,{},2024-01-01,,2026-05-18
ME,digital_products.streaming,,True,taxable,{},2024-01-01,,2026-05-18
ME,digital_products.video,,True,taxable,{},2024-01-01,,2026-05-18
ME,food.bottled_water,"Plain, still, unsweetened, unflavored bottled drinking water (spring, mineral, distilled, or purified) sold in a sealed retail container. Excludes flavored, sweetened, or carbonated water, which is taxed as a soft drink under food.candy_soda.",True,taxable,"{""note"": ""Applies equally to still, mineral, and carbonated bottled water; no size or quantity exception found in statute.""}",2026-08-05,https://legislature.maine.gov/legis/statutes/36/title36sec1752.html,2026-08-05
ME,food.candy,,True,taxable,{},2024-01-01,,2026-05-18
ME,food.candy_soda,"Candy, soda, sweetened beverages (often taxed where groceries aren't).",True,taxable,"{""note"": ""Candy and soft drinks excluded from grocery staples (taxable).""}",2026-05-21,https://www.maine.gov/revenue/taxes/sales-use-service-provider-tax,2026-05-21
ME,food.dietary_supplements,,True,taxable,{},2024-01-01,,2026-05-18
ME,food.grocery,Unprepared groceries; staples; produce; meat; dairy.,False,exempt,"{""note"": ""Grocery staples exempt (36 M.R.S. 1752(3-B)); prepared food taxable.""}",2026-05-21,https://www.maine.gov/revenue/taxes/sales-use-service-provider-tax,2026-05-21
ME,food.prepared,"Restaurant meals, takeout, food sold for immediate consumption.",True,taxable,"{""note"": ""Prepared food taxed at the higher prepared-food rate.""}",2026-05-21,https://www.maine.gov/revenue/taxes/sales-use-service-provider-tax,2026-05-21
ME,food.soft_drinks,,True,taxable,{},2024-01-01,,2026-05-18
ME,goods.electronics,,True,taxable,{},2024-01-01,,2026-05-18
ME,goods.furniture,,True,taxable,{},2024-01-01,,2026-05-18
ME,goods.general,,True,taxable,{},2024-01-01,,2026-05-18
ME,hygiene.diapers,"Infant/baby diapers and adult incontinence products (briefs, liners, underpads), cloth or disposable.",True,taxable,"{""note"": ""Statute shows no diaper exemption; a secondary vendor guide conflicts — flagged.""}",2026-08-05,,2026-05-18
ME,hygiene.menstrual,"Menstrual and feminine hygiene products: tampons, sanitary pads, pantyliners, menstrual cups, and period underwear.",False,exempt,{},2026-08-05,https://legislature.maine.gov,2026-08-05
ME,medical.devices,,False,exempt,{},2024-01-01,,2026-05-18
ME,medical.equipment,"Wheelchairs, hearing aids, prosthetics, durable medical equipment.",True,conditional,"{""note"": ""DME and prosthetics exempt when prescribed (36 M.R.S. 1760)."", ""prescription_required"": true}",2026-05-21,https://www.maine.gov/revenue/taxes/sales-use-service-provider-tax,2026-05-21
ME,medical.otc,Over-the-counter medications.,True,taxable,"{""note"": ""OTC taxable unless dispensed by prescription.""}",2026-05-21,https://www.maine.gov/revenue/taxes/sales-use-service-provider-tax,2026-05-21
ME,medical.otc_drugs,,True,taxable,{},2024-01-01,,2026-05-18
ME,medical.prescription_drugs,,False,exempt,{},2024-01-01,,2026-05-18
ME,medical.rx,Prescription drugs (typically exempt nationwide).,False,exempt,{},2026-05-21,https://www.maine.gov/revenue/taxes/sales-use-service-provider-tax,2026-05-21
ME,publications.books,,True,taxable,{},2024-01-01,,2026-05-18
ME,publications.magazines,,True,taxable,{},2024-01-01,,2026-05-18
ME,publications.newspapers,,False,exempt,{},2024-01-01,,2026-05-18
ME,publications.textbooks,"Required course and college textbooks, printed or digital, as distinct from general trade books. Many states exempt these only when sold by a school or to an enrolled student.",True,taxable,{},2026-08-05,,2026-05-18
ME,services.ai_api,,False,exempt,{},2024-01-01,,2026-05-18
ME,services.data_processing,,False,exempt,{},2024-01-01,,2026-05-18
ME,services.personal_care,,False,exempt,{},2024-01-01,,2026-05-18
ME,services.professional,,False,exempt,{},2024-01-01,,2026-05-18
ME,services.repair,,True,taxable,{},2024-01-01,,2026-05-18
ME,services.web_hosting,,False,exempt,{},2024-01-01,,2026-05-18
ME,software.custom,,False,exempt,{},2024-01-01,,2026-05-18
ME,software.prewritten,,True,taxable,{},2024-01-01,,2026-05-18
ME,software.saas,,False,exempt,{},2024-01-01,,2026-05-18
MI,clothing.accessories,"Handbags, belts, jewelry, watches.",True,taxable,{},2026-05-21,https://www.michigan.gov/taxes/business-taxes/sales-use-tax,2026-05-21
MI,clothing.athletic,Sports and performance apparel; team uniforms; non-protective athletic gear.,True,taxable,{},2026-05-21,https://www.michigan.gov/taxes/business-taxes/sales-use-tax,2026-05-21
MI,clothing.formal,"Suits, gowns, ties, dress shirts not for everyday wear.",True,taxable,{},2026-05-21,https://www.michigan.gov/taxes/business-taxes/sales-use-tax,2026-05-21
MI,clothing.general,"Everyday wearing apparel; t-shirts, jeans, dresses, jackets.",True,taxable,{},2026-05-21,https://www.michigan.gov/taxes/business-taxes/sales-use-tax,2026-05-21
MI,clothing.protective,"Helmets, safety boots, protective work gear, hazard equipment.",True,conditional,"{""note"": ""Industrial/manufacturing safety equipment may qualify for the industrial-processing exemption; consumer PPE taxable."", ""business_use_exempt"": true}",2026-05-21,https://www.michigan.gov/taxes/business-taxes/sales-use-tax,2026-05-21
MI,digital.download,"Permanent-license software, e-books, music downloads, games.",True,conditional,"{""note"": ""Prewritten computer software is taxable regardless of delivery method (MCL 205.92b); non-software digital goods (e-books, music, video) are not taxed in MI."", ""other_digital_exempt"": true, ""prewritten_software_taxable"": true}",2026-05-21,https://www.legislature.mi.gov/Laws/MCL?objectName=mcl-205-92b,2026-05-21
MI,digital.saas,"Subscription software accessed via the web; CRMs, productivity tools.",False,exempt,"{""note"": ""MI does not tax remotely accessed software / SaaS (Auto-Owners Ins. Co. v. Dept. of Treasury).""}",2026-05-21,https://www.legislature.mi.gov/Laws/MCL?objectName=mcl-205-92b,2026-05-21
MI,digital.streaming,Streaming services; on-demand video/music with no permanent copy.,False,exempt,"{""note"": ""MI does not tax streaming / non-software digital goods.""}",2026-05-21,https://www.legislature.mi.gov/Laws/MCL?objectName=mcl-205-92b,2026-05-21
MI,digital_products.ebook,,False,exempt,{},2024-01-01,,2026-05-18
MI,digital_products.music,,False,exempt,{},2024-01-01,,2026-05-18
MI,digital_products.streaming,,False,exempt,{},2024-01-01,,2026-05-18
MI,digital_products.video,,False,exempt,{},2024-01-01,,2026-05-18
MI,food.bottled_water,"Plain, still, unsweetened, unflavored bottled drinking water (spring, mineral, distilled, or purified) sold in a sealed retail container. Excludes flavored, sweetened, or carbonated water, which is taxed as a soft drink under food.candy_soda.",False,exempt,"{""note"": ""No local sales tax in Michigan; SST-aligned statutory definition of bottled water is treated as exempt food regardless of size/brand.""}",2026-08-05,https://www.legislature.mi.gov/Laws/MCL?objectName=mcl-205-54g,2026-08-05
MI,food.candy,,False,exempt,"{""note"": ""Candy is food and food ingredients, exempt (MCL 205.54g).""}",2024-01-01,https://www.legislature.mi.gov/Laws/MCL?objectName=mcl-205-54g,2026-09-28
MI,food.candy_soda,"Candy, soda, sweetened beverages (often taxed where groceries aren't).",False,needs_research,"{""note"": ""Michigan's treatment of candy and soft drinks under the MCL 205.54g food exemption (taxed vs treated as exempt food) needs authoritative confirmation.""}",2026-05-21,https://www.legislature.mi.gov/Laws/MCL?objectName=mcl-205-54g,2026-05-21
MI,food.dietary_supplements,,False,exempt,{},2024-01-01,,2026-05-18
MI,food.grocery,Unprepared groceries; staples; produce; meat; dairy.,False,exempt,"{""note"": ""Food for human consumption exempt (MCL 205.54g); prepared food taxable.""}",2026-05-21,https://www.legislature.mi.gov/Laws/MCL?objectName=mcl-205-54g,2026-05-21
MI,food.prepared,"Restaurant meals, takeout, food sold for immediate consumption.",True,taxable,{},2026-05-21,https://www.legislature.mi.gov/Laws/MCL?objectName=mcl-205-54g,2026-05-21
MI,food.soft_drinks,,False,exempt,"{""note"": ""Soft drinks are food and food ingredients, exempt (MCL 205.54g).""}",2024-01-01,https://www.legislature.mi.gov/Laws/MCL?objectName=mcl-205-54g,2026-09-28
MI,goods.electronics,,True,taxable,{},2024-01-01,,2026-05-18
MI,goods.furniture,,True,taxable,{},2024-01-01,,2026-05-18
MI,goods.general,,True,taxable,{},2024-01-01,,2026-05-18
MI,hygiene.diapers,"Infant/baby diapers and adult incontinence products (briefs, liners, underpads), cloth or disposable.",True,taxable,"{""note"": ""Exemption bills introduced but never enacted.""}",2026-08-05,,2026-05-18
MI,hygiene.menstrual,"Menstrual and feminine hygiene products: tampons, sanitary pads, pantyliners, menstrual cups, and period underwear.",False,exempt,{},2026-08-05,https://www.legislature.mi.gov,2026-08-05
MI,medical.devices,,False,exempt,{},2024-01-01,,2026-05-18
MI,medical.equipment,"Wheelchairs, hearing aids, prosthetics, durable medical equipment.",True,conditional,"{""note"": ""Prosthetics and DME exempt when prescribed (MCL 205.54a)."", ""prescription_required"": true}",2026-05-21,https://www.legislature.mi.gov/Laws/MCL?objectName=mcl-205-54a,2026-05-21
MI,medical.otc,Over-the-counter medications.,True,taxable,"{""note"": ""OTC taxable unless dispensed by prescription.""}",2026-05-21,https://www.legislature.mi.gov/Laws/MCL?objectName=mcl-205-54a,2026-05-21
MI,medical.otc_drugs,,True,taxable,{},2024-01-01,,2026-05-18
MI,medical.prescription_drugs,,False,exempt,{},2024-01-01,,2026-05-18
MI,medical.rx,Prescription drugs (typically exempt nationwide).,False,exempt,{},2026-05-21,https://www.legislature.mi.gov/Laws/MCL?objectName=mcl-205-54a,2026-05-21
MI,publications.books,,True,taxable,{},2024-01-01,,2026-05-18
MI,publications.magazines,,True,taxable,{},2024-01-01,,2026-05-18
MI,publications.newspapers,,False,exempt,{},2024-01-01,,2026-05-18
MI,publications.textbooks,"Required course and college textbooks, printed or digital, as distinct from general trade books. Many states exempt these only when sold by a school or to an enrolled student.",True,conditional,"{""note"": ""Exempt only when sold by a school for K-12 students; college taxable."", ""exempt_if"": ""sold_by_k12_school""}",2026-08-05,https://www.legislature.mi.gov,2026-08-05
MI,services.ai_api,,False,exempt,{},2024-01-01,,2026-05-18
MI,services.data_processing,,False,exempt,{},2024-01-01,,2026-05-18
MI,services.personal_care,,False,exempt,{},2024-01-01,,2026-05-18
MI,services.professional,,False,exempt,{},2024-01-01,,2026-05-18
MI,services.repair,,True,taxable,{},2024-01-01,,2026-05-18
MI,services.web_hosting,,False,exempt,{},2024-01-01,,2026-05-18
MI,software.custom,,False,exempt,{},2024-01-01,,2026-05-18
MI,software.prewritten,,True,taxable,{},2024-01-01,,2026-05-18
MI,software.saas,,False,exempt,{},2024-01-01,,2026-05-18
MN,clothing.accessories,"Handbags, belts, jewelry, watches.",True,taxable,"{""note"": ""Accessories, jewelry, and watches excluded from the clothing exemption.""}",2026-05-21,https://www.revisor.mn.gov/statutes/cite/297A.67,2026-05-21
MN,clothing.athletic,Sports and performance apparel; team uniforms; non-protective athletic gear.,True,conditional,"{""note"": ""Everyday athletic apparel exempt; sports/recreational and protective equipment taxable."", ""everyday_use_exempt"": true, ""sport_specific_taxable"": true}",2026-05-21,https://www.revisor.mn.gov/statutes/cite/297A.67,2026-05-21
MN,clothing.formal,"Suits, gowns, ties, dress shirts not for everyday wear.",False,exempt,"{""note"": ""Formal day/evening wear within the clothing exemption.""}",2026-05-21,https://www.revisor.mn.gov/statutes/cite/297A.67,2026-05-21
MN,clothing.general,"Everyday wearing apparel; t-shirts, jeans, dresses, jackets.",False,exempt,"{""note"": ""MN exempts clothing (Minn. Stat. 297A.67 subd. 8).""}",2026-05-21,https://www.revisor.mn.gov/statutes/cite/297A.67,2026-05-21
MN,clothing.protective,"Helmets, safety boots, protective work gear, hazard equipment.",True,taxable,"{""note"": ""Sports/recreational and protective equipment excluded from the clothing exemption.""}",2026-05-21,https://www.revisor.mn.gov/statutes/cite/297A.67,2026-05-21
MN,digital.download,"Permanent-license software, e-books, music downloads, games.",True,taxable,"{""note"": ""Specified digital products and prewritten software taxable (Minn. Stat. 297A.61).""}",2026-05-21,https://www.revisor.mn.gov/statutes/cite/297A.61,2026-05-21
MN,digital.saas,"Subscription software accessed via the web; CRMs, productivity tools.",False,exempt,"{""note"": ""MN does not tax SaaS / remotely accessed software.""}",2026-05-21,https://www.revisor.mn.gov/statutes/cite/297A.61,2026-05-21
MN,digital.streaming,Streaming services; on-demand video/music with no permanent copy.,True,taxable,"{""note"": ""Digital audio/audiovisual works including streaming taxable.""}",2026-05-21,https://www.revisor.mn.gov/statutes/cite/297A.61,2026-05-21
MN,digital_products.ebook,,True,taxable,{},2024-01-01,,2026-05-18
MN,digital_products.music,,True,taxable,{},2024-01-01,,2026-05-18
MN,digital_products.streaming,,True,taxable,{},2024-01-01,,2026-05-18
MN,digital_products.video,,True,taxable,{},2024-01-01,,2026-05-18
MN,food.bottled_water,"Plain, still, unsweetened, unflavored bottled drinking water (spring, mineral, distilled, or purified) sold in a sealed retail container. Excludes flavored, sweetened, or carbonated water, which is taxed as a soft drink under food.candy_soda.",False,exempt,"{""note"": ""Taxable if the seller provides straws or other eating utensils with the water (treated as prepared food); local option sales taxes may still apply in some MN cities.""}",2026-08-05,https://www.revenue.state.mn.us/guide/food-and-food-ingredients,2026-08-05
MN,food.candy,,True,taxable,{},2024-01-01,,2026-05-18
MN,food.candy_soda,"Candy, soda, sweetened beverages (often taxed where groceries aren't).",True,taxable,"{""note"": ""Candy and soft drinks excluded from the food exemption (taxable).""}",2026-05-21,https://www.revenue.state.mn.us/food-and-food-ingredients,2026-05-21
MN,food.dietary_supplements,,True,taxable,{},2024-01-01,,2026-05-18
MN,food.grocery,Unprepared groceries; staples; produce; meat; dairy.,False,exempt,"{""note"": ""Food and food ingredients exempt; prepared food taxable.""}",2026-05-21,https://www.revenue.state.mn.us/food-and-food-ingredients,2026-05-21
MN,food.prepared,"Restaurant meals, takeout, food sold for immediate consumption.",True,taxable,{},2026-05-21,https://www.revenue.state.mn.us/food-and-food-ingredients,2026-05-21
MN,food.soft_drinks,,True,taxable,{},2024-01-01,,2026-05-18
MN,goods.electronics,,True,taxable,{},2024-01-01,,2026-05-18
MN,goods.furniture,,True,taxable,{},2024-01-01,,2026-05-18
MN,goods.general,,True,taxable,{},2024-01-01,,2026-05-18
MN,hygiene.diapers,"Infant/baby diapers and adult incontinence products (briefs, liners, underpads), cloth or disposable.",False,exempt,"{""basis"": ""clothing"", ""scope"": ""both""}",2026-08-05,https://www.revisor.mn.gov,2026-08-05
MN,hygiene.menstrual,"Menstrual and feminine hygiene products: tampons, sanitary pads, pantyliners, menstrual cups, and period underwear.",False,exempt,{},2026-08-05,https://www.revenue.state.mn.us,2026-08-05
MN,medical.devices,,False,exempt,{},2024-01-01,,2026-05-18
MN,medical.equipment,"Wheelchairs, hearing aids, prosthetics, durable medical equipment.",True,conditional,"{""note"": ""DME for home use exempt when prescribed."", ""prescription_required"": true}",2026-05-21,https://www.revenue.state.mn.us/drugs-and-medical-devices,2026-05-21
MN,medical.otc,Over-the-counter medications.,True,taxable,"{""note"": ""OTC taxable unless dispensed by prescription.""}",2026-05-21,https://www.revenue.state.mn.us/drugs-and-medical-devices,2026-05-21
MN,medical.otc_drugs,,False,exempt,{},2024-01-01,,2026-05-18
MN,medical.prescription_drugs,,False,exempt,{},2024-01-01,,2026-05-18
MN,medical.rx,Prescription drugs (typically exempt nationwide).,False,exempt,{},2026-05-21,https://www.revenue.state.mn.us/drugs-and-medical-devices,2026-05-21
MN,publications.books,,True,taxable,{},2024-01-01,,2026-05-18
MN,publications.magazines,,True,taxable,{},2024-01-01,,2026-05-18
MN,publications.newspapers,,False,exempt,{},2024-01-01,,2026-05-18
MN,publications.textbooks,"Required course and college textbooks, printed or digital, as distinct from general trade books. Many states exempt these only when sold by a school or to an enrolled student.",True,conditional,"{""note"": ""Exempt (incl. digital) for textbooks prescribed for a course for regularly enrolled students."", ""exempt_if"": ""prescribed_course_text_enrolled_student""}",2026-08-05,https://www.revisor.mn.gov,2026-08-05
MN,services.ai_api,,False,exempt,{},2024-01-01,,2026-05-18
MN,services.data_processing,,False,exempt,{},2024-01-01,,2026-05-18
MN,services.personal_care,,True,taxable,{},2024-01-01,,2026-05-18
MN,services.professional,,False,exempt,{},2024-01-01,,2026-05-18
MN,services.repair,,True,taxable,{},2024-01-01,,2026-05-18
MN,services.web_hosting,,False,exempt,{},2024-01-01,,2026-05-18
MN,software.custom,,False,exempt,{},2024-01-01,,2026-05-18
MN,software.prewritten,,True,taxable,{},2024-01-01,,2026-05-18
MN,software.saas,,False,exempt,{},2024-01-01,,2026-05-18
MO,clothing.accessories,"Handbags, belts, jewelry, watches.",True,taxable,{},2026-05-21,https://dor.mo.gov/taxation/business/tax-types/sales-use/,2026-05-21
MO,clothing.athletic,Sports and performance apparel; team uniforms; non-protective athletic gear.,True,conditional,"{""tax_holiday"": {""scope"": ""full"", ""windows"": [{""end"": ""2026-08-09"", ""start"": ""2026-08-07""}], ""price_cap_cents"": 10000}}",2026-05-21,https://dor.mo.gov/taxation/business/tax-types/sales-use/holidays/back-to-school/,2026-05-21
MO,clothing.formal,"Suits, gowns, ties, dress shirts not for everyday wear.",True,conditional,"{""tax_holiday"": {""scope"": ""full"", ""windows"": [{""end"": ""2026-08-09"", ""start"": ""2026-08-07""}], ""price_cap_cents"": 10000}}",2026-05-21,https://dor.mo.gov/taxation/business/tax-types/sales-use/holidays/back-to-school/,2026-05-21
MO,clothing.general,"Everyday wearing apparel; t-shirts, jeans, dresses, jackets.",True,conditional,"{""tax_holiday"": {""scope"": ""full"", ""windows"": [{""end"": ""2026-08-09"", ""start"": ""2026-08-07""}], ""price_cap_cents"": 10000}}",2026-05-21,https://dor.mo.gov/taxation/business/tax-types/sales-use/holidays/back-to-school/,2026-05-21
MO,clothing.protective,"Helmets, safety boots, protective work gear, hazard equipment.",True,taxable,"{""note"": ""Manufacturing safety equipment may qualify for the manufacturing exemption.""}",2026-05-21,https://dor.mo.gov/taxation/business/tax-types/sales-use/,2026-05-21
MO,digital.download,"Permanent-license software, e-books, music downloads, games.",False,exempt,"{""note"": ""MO does not tax electronically delivered software or digital goods — not tangible personal property.""}",2026-05-21,https://www.sos.mo.gov/cmsimages/adrules/csr/current/12csr/12c10-109.pdf,2026-05-21
MO,digital.saas,"Subscription software accessed via the web; CRMs, productivity tools.",False,exempt,"{""note"": ""MO does not tax SaaS / remotely accessed software (12 CSR 10-109).""}",2026-05-21,https://www.sos.mo.gov/cmsimages/adrules/csr/current/12csr/12c10-109.pdf,2026-05-21
MO,digital.streaming,Streaming services; on-demand video/music with no permanent copy.,False,exempt,"{""note"": ""Streaming/digital goods not taxed in MO.""}",2026-05-21,https://www.sos.mo.gov/cmsimages/adrules/csr/current/12csr/12c10-109.pdf,2026-05-21
MO,digital_products.ebook,,False,exempt,{},2024-01-01,,2026-05-18
MO,digital_products.music,,False,exempt,{},2024-01-01,,2026-05-18
MO,digital_products.streaming,,False,exempt,{},2024-01-01,,2026-05-18
MO,digital_products.video,,False,exempt,{},2024-01-01,,2026-05-18
MO,food.bottled_water,"Plain, still, unsweetened, unflavored bottled drinking water (spring, mineral, distilled, or purified) sold in a sealed retail container. Excludes flavored, sweetened, or carbonated water, which is taxed as a soft drink under food.candy_soda.",True,reduced_rate,"{""note"": ""A DOR determination found prepackaged, non-carbonated, unflavored bottled water carrying a nutrition-facts label qualifies as SNAP-eligible food for the reduced state rate (down from 4.225%); full local sales tax still applies on top."", ""local_may_tax"": true}",2026-08-05,https://revisor.mo.gov/main/OneSection.aspx?section=144.014,2026-08-05
MO,food.candy,,True,conditional,"{""note"": ""Candy is SNAP-eligible food, taxed at the reduced 1.225% state rate (RSMo 144.014) plus full local taxes. A USDA SNAP waiver excluding candy starts 2027-02-15; whether it changes the state rate is not settled."", ""reduced_state_rate"": 0.01225}",2024-01-01,https://dor.mo.gov/taxation/business/tax-types/sales-use/reduction-on-food.html,2026-09-28
MO,food.candy_soda,"Candy, soda, sweetened beverages (often taxed where groceries aren't).",True,reduced_rate,"{""note"": ""MO's reduced food rate uses SNAP eligibility, which includes candy and soft drinks."", ""reduced_rate"": 0.01225}",2026-05-21,https://revisor.mo.gov/main/OneSection.aspx?section=144.014,2026-05-21
MO,food.dietary_supplements,,True,taxable,{},2024-01-01,,2026-05-18
MO,food.grocery,Unprepared groceries; staples; produce; meat; dairy.,True,reduced_rate,"{""note"": ""Food at the reduced 1.225% state rate (RSMo 144.014) plus local; general state rate is 4.225%."", ""reduced_rate"": 0.01225}",2026-05-21,https://revisor.mo.gov/main/OneSection.aspx?section=144.014,2026-05-21
MO,food.prepared,"Restaurant meals, takeout, food sold for immediate consumption.",True,taxable,"{""note"": ""Prepared food taxed at the full state rate.""}",2026-05-21,https://revisor.mo.gov/main/OneSection.aspx?section=144.014,2026-05-21
MO,food.soft_drinks,,True,conditional,"{""note"": ""Soft drinks are SNAP-eligible food, taxed at the reduced 1.225% state rate (RSMo 144.014) plus full local taxes. A USDA SNAP waiver excluding certain beverages starts 2027-02-15; whether it changes the state rate is not settled."", ""reduced_state_rate"": 0.01225}",2024-01-01,https://dor.mo.gov/taxation/business/tax-types/sales-use/reduction-on-food.html,2026-09-28
MO,goods.electronics,,True,taxable,{},2024-01-01,,2026-05-18
MO,goods.furniture,,True,taxable,{},2024-01-01,,2026-05-18
MO,goods.general,,True,taxable,{},2024-01-01,,2026-05-18
MO,hygiene.diapers,"Infant/baby diapers and adult incontinence products (briefs, liners, underpads), cloth or disposable.",False,exempt,"{""scope"": ""both""}",2026-08-05,https://dor.mo.gov,2026-08-05
MO,hygiene.menstrual,"Menstrual and feminine hygiene products: tampons, sanitary pads, pantyliners, menstrual cups, and period underwear.",False,exempt,"{""note"": ""State AND local exempt; includes washable period underwear.""}",2026-08-05,https://dor.mo.gov,2026-08-05
MO,medical.devices,,False,exempt,{},2024-01-01,,2026-05-18
MO,medical.equipment,"Wheelchairs, hearing aids, prosthetics, durable medical equipment.",True,conditional,"{""note"": ""DME and prosthetics exempt when prescribed (RSMo 144.030)."", ""prescription_required"": true}",2026-05-21,https://revisor.mo.gov/main/OneSection.aspx?section=144.030,2026-05-21
MO,medical.otc,Over-the-counter medications.,True,taxable,"{""note"": ""OTC taxable unless dispensed by prescription.""}",2026-05-21,https://revisor.mo.gov/main/OneSection.aspx?section=144.030,2026-05-21
MO,medical.otc_drugs,,True,taxable,{},2024-01-01,,2026-05-18
MO,medical.prescription_drugs,,False,exempt,{},2024-01-01,,2026-05-18
MO,medical.rx,Prescription drugs (typically exempt nationwide).,False,exempt,{},2026-05-21,https://revisor.mo.gov/main/OneSection.aspx?section=144.030,2026-05-21
MO,publications.books,,True,taxable,{},2024-01-01,,2026-05-18
MO,publications.magazines,,True,taxable,{},2024-01-01,,2026-05-18
MO,publications.newspapers,,False,exempt,{},2024-01-01,,2026-05-18
MO,publications.textbooks,"Required course and college textbooks, printed or digital, as distinct from general trade books. Many states exempt these only when sold by a school or to an enrolled student.",True,conditional,"{""note"": ""State tax only (local still applies); required/recommended texts bought by an enrolled MO postsecondary student."", ""scope"": ""state_tax_only"", ""exempt_if"": ""required_text_enrolled_postsecondary"", ""local_may_tax"": true}",2026-08-05,https://revisor.mo.gov,2026-08-05
MO,services.ai_api,,False,exempt,{},2024-01-01,,2026-05-18
MO,services.data_processing,,False,exempt,{},2024-01-01,,2026-05-18
MO,services.personal_care,,False,exempt,{},2024-01-01,,2026-05-18
MO,services.professional,,False,exempt,{},2024-01-01,,2026-05-18
MO,services.repair,,True,taxable,{},2024-01-01,,2026-05-18
MO,services.web_hosting,,False,exempt,{},2024-01-01,,2026-05-18
MO,software.custom,,False,exempt,{},2024-01-01,,2026-05-18
MO,software.prewritten,,True,taxable,{},2024-01-01,,2026-05-18
MO,software.saas,,False,exempt,{},2024-01-01,,2026-05-18
MS,clothing.accessories,"Handbags, belts, jewelry, watches.",True,taxable,{},2026-05-21,https://www.dor.ms.gov/sales-use,2026-05-21
MS,clothing.athletic,Sports and performance apparel; team uniforms; non-protective athletic gear.,True,conditional,"{""tax_holiday"": {""scope"": ""full"", ""windows"": [{""end"": ""2026-07-12"", ""start"": ""2026-07-10""}], ""price_cap_cents"": 10000}}",2026-06-01,https://www.dor.ms.gov/node/15882,2026-05-22
MS,clothing.formal,"Suits, gowns, ties, dress shirts not for everyday wear.",True,conditional,"{""tax_holiday"": {""scope"": ""full"", ""windows"": [{""end"": ""2026-07-12"", ""start"": ""2026-07-10""}], ""price_cap_cents"": 10000}}",2026-06-01,https://www.dor.ms.gov/node/15882,2026-05-22
MS,clothing.general,"Everyday wearing apparel; t-shirts, jeans, dresses, jackets.",True,conditional,"{""tax_holiday"": {""scope"": ""full"", ""windows"": [{""end"": ""2026-07-12"", ""start"": ""2026-07-10""}], ""price_cap_cents"": 10000}}",2026-06-01,https://www.dor.ms.gov/node/15882,2026-05-22
MS,clothing.protective,"Helmets, safety boots, protective work gear, hazard equipment.",True,taxable,"{""note"": ""Manufacturing equipment may qualify for the reduced manufacturing rate.""}",2026-05-21,https://www.dor.ms.gov/sales-use,2026-05-21
MS,digital.download,"Permanent-license software, e-books, music downloads, games.",True,taxable,"{""note"": ""Prewritten software and specified digital products taxable.""}",2026-05-21,https://www.dor.ms.gov/sales-use,2026-05-21
MS,digital.saas,"Subscription software accessed via the web; CRMs, productivity tools.",True,taxable,"{""note"": ""Mississippi taxes computer software and software services, including SaaS (effective 2023).""}",2026-05-21,https://www.dor.ms.gov/sales-use,2026-05-21
MS,digital.streaming,Streaming services; on-demand video/music with no permanent copy.,True,taxable,"{""note"": ""Specified digital products including streaming taxable.""}",2026-05-21,https://www.dor.ms.gov/sales-use,2026-05-21
MS,digital_products.ebook,,True,taxable,{},2024-01-01,,2026-05-18
MS,digital_products.music,,True,taxable,{},2024-01-01,,2026-05-18
MS,digital_products.streaming,,True,taxable,{},2024-01-01,,2026-05-18
MS,digital_products.video,,True,taxable,{},2024-01-01,,2026-05-18
MS,food.bottled_water,"Plain, still, unsweetened, unflavored bottled drinking water (spring, mineral, distilled, or purified) sold in a sealed retail container. Excludes flavored, sweetened, or carbonated water, which is taxed as a soft drink under food.candy_soda.",True,reduced_rate,"{""note"": ""Mississippi has no full grocery exemption; SNAP-eligible food/drink, including bottled water, is taxed at the reduced state rate (cut from 7% to 5% effective 2025-07-01); non-SNAP-eligible items remain taxable at 7%.""}",2026-08-05,https://www.dor.ms.gov/news/reduced-sales-tax-groceries-begins-july-1,2026-08-05
MS,food.candy,,True,taxable,{},2024-01-01,,2026-05-18
MS,food.dietary_supplements,,True,taxable,{},2024-01-01,,2026-05-18
MS,food.grocery,Unprepared groceries; staples; produce; meat; dairy.,True,reduced_rate,{},2024-01-01,,2026-05-18
MS,food.prepared,"Restaurant meals, takeout, food sold for immediate consumption.",True,taxable,{},2026-05-21,https://www.dor.ms.gov/sales-use,2026-05-21
MS,food.soft_drinks,,True,taxable,{},2024-01-01,,2026-05-18
MS,goods.electronics,,True,taxable,{},2024-01-01,,2026-05-18
MS,goods.furniture,,True,taxable,{},2024-01-01,,2026-05-18
MS,goods.general,,True,taxable,{},2024-01-01,,2026-05-18
MS,hygiene.diapers,"Infant/baby diapers and adult incontinence products (briefs, liners, underpads), cloth or disposable.",True,taxable,"{""note"": ""Full 7% rate; 2026 legislature declined repeal.""}",2026-08-05,,2026-05-18
MS,hygiene.menstrual,"Menstrual and feminine hygiene products: tampons, sanitary pads, pantyliners, menstrual cups, and period underwear.",True,taxable,"{""note"": ""Standard 7% rate; 2026 bill pending.""}",2026-08-05,,2026-05-18
MS,medical.devices,,False,exempt,{},2024-01-01,,2026-05-18
MS,medical.equipment,"Wheelchairs, hearing aids, prosthetics, durable medical equipment.",True,conditional,"{""note"": ""DME and prosthetics exempt when prescribed (Miss. Code 27-65-111)."", ""prescription_required"": true}",2026-05-21,https://www.dor.ms.gov/sales-use,2026-05-21
MS,medical.otc,Over-the-counter medications.,True,taxable,"{""note"": ""OTC taxable unless dispensed by prescription.""}",2026-05-21,https://www.dor.ms.gov/sales-use,2026-05-21
MS,medical.otc_drugs,,True,taxable,{},2024-01-01,,2026-05-18
MS,medical.prescription_drugs,,False,exempt,{},2024-01-01,,2026-05-18
MS,medical.rx,Prescription drugs (typically exempt nationwide).,False,exempt,{},2026-05-21,https://www.dor.ms.gov/sales-use,2026-05-21
MS,publications.books,,True,taxable,{},2024-01-01,,2026-05-18
MS,publications.magazines,,True,taxable,{},2024-01-01,,2026-05-18
MS,publications.newspapers,,False,exempt,{},2024-01-01,,2026-05-18
MS,publications.textbooks,"Required course and college textbooks, printed or digital, as distinct from general trade books. Many states exempt these only when sold by a school or to an enrolled student.",True,conditional,"{""note"": ""Required school textbooks sold to students exempt; exact subsection/higher-ed scope not primary-confirmed."", ""exempt_if"": ""required_school_textbooks_to_students""}",2026-08-05,https://www.dor.ms.gov,2026-08-05
MS,services.ai_api,,False,exempt,{},2024-01-01,,2026-05-18
MS,services.data_processing,,False,exempt,{},2024-01-01,,2026-05-18
MS,services.personal_care,,False,exempt,{},2024-01-01,,2026-05-18
MS,services.professional,,False,exempt,{},2024-01-01,,2026-05-18
MS,services.repair,,True,taxable,{},2024-01-01,,2026-05-18
MS,services.web_hosting,,False,exempt,{},2024-01-01,,2026-05-18
MS,software.custom,,True,taxable,{},2024-01-01,,2026-05-18
MS,software.prewritten,,True,taxable,{},2024-01-01,,2026-05-18
MS,software.saas,,False,conditional,"{""note"": ""Software on a server outside Mississippi and accessed only over the internet is not a taxable retail sale from 2023-07-01 (Miss. Code 27-65-7, SB 2449). SaaS hosted on a Mississippi server is taxable at 7%; TaxLocus assumes out-of-state hosting."", ""hosted_outside_state_exempt"": true}",2024-01-01,https://billstatus.ls.state.ms.us/documents/2023/pdf/SB/2400-2499/SB2449SG.pdf,2026-09-28
NC,clothing.accessories,"Handbags, belts, jewelry, watches.",True,taxable,{},2026-05-20,https://www.ncdor.gov/taxes-forms/sales-and-use-tax/sales-and-use-tax-bulletins,2026-05-20
NC,clothing.athletic,Sports and performance apparel; team uniforms; non-protective athletic gear.,True,taxable,{},2026-05-20,https://www.ncdor.gov/taxes-forms/sales-and-use-tax/sales-and-use-tax-bulletins,2026-05-20
NC,clothing.formal,"Suits, gowns, ties, dress shirts not for everyday wear.",True,taxable,{},2026-05-20,https://www.ncdor.gov/taxes-forms/sales-and-use-tax/sales-and-use-tax-bulletins,2026-05-20
NC,clothing.general,"Everyday wearing apparel; t-shirts, jeans, dresses, jackets.",True,taxable,{},2026-05-20,https://www.ncdor.gov/taxes-forms/sales-and-use-tax/sales-and-use-tax-bulletins,2026-05-20
NC,clothing.protective,"Helmets, safety boots, protective work gear, hazard equipment.",True,taxable,{},2026-05-20,https://www.ncdor.gov/taxes-forms/sales-and-use-tax/sales-and-use-tax-bulletins,2026-05-20
NC,digital.download,"Permanent-license software, e-books, music downloads, games.",True,taxable,"{""note"": ""NC taxes 'digital property' — pre-written software downloads, e-books, music, video (G.S. § 105-164.4(a)(6b)).""}",2026-05-20,https://www.ncleg.gov/EnactedLegislation/Statutes/HTML/BySection/Chapter_105/GS_105-164.13.html,2026-05-20
NC,digital.saas,"Subscription software accessed via the web; CRMs, productivity tools.",False,exempt,"{""note"": ""NC does not tax SaaS — Important Notice 2020-10 confirms software accessed remotely without download is not subject to sales tax.""}",2026-05-20,https://www.ncdor.gov/taxes-forms/sales-and-use-tax/sales-and-use-tax-bulletins/sales-and-use-tax-bulletins-archive,2026-05-20
NC,digital.streaming,Streaming services; on-demand video/music with no permanent copy.,True,taxable,"{""note"": ""NC taxes digital audio and audio-visual works whether streamed or downloaded.""}",2026-05-20,https://www.ncleg.gov/EnactedLegislation/Statutes/HTML/BySection/Chapter_105/GS_105-164.13.html,2026-05-20
NC,digital_products.ebook,,True,taxable,{},2024-01-01,,2026-05-18
NC,digital_products.music,,True,taxable,{},2024-01-01,,2026-05-18
NC,digital_products.streaming,,True,taxable,{},2024-01-01,,2026-05-18
NC,digital_products.video,,True,taxable,{},2024-01-01,,2026-05-18
NC,food.bottled_water,"Plain, still, unsweetened, unflavored bottled drinking water (spring, mineral, distilled, or purified) sold in a sealed retail container. Excludes flavored, sweetened, or carbonated water, which is taxed as a soft drink under food.candy_soda.",True,reduced_rate,"{""note"": ""Applies only to unsweetened bottled water, which is \""qualifying food\"" subject only to the 2% local rate, with no state (4.75%) or transit-rate component. Sweetened bottled water meets the statutory definition of \""soft drink\"" and is fully taxable at the combined state+local(+transit) rate (out of scope).""}",2026-08-05,https://www.ncdor.gov/documents/files/suplr-2018-0010-sales-bottled-water-dry-drink-mixes-and-related-products/open,2026-08-05
NC,food.candy,,True,taxable,{},2024-01-01,,2026-05-18
NC,food.candy_soda,"Candy, soda, sweetened beverages (often taxed where groceries aren't).",True,taxable,"{""note"": ""NC taxes candy and soft drinks at full state+local rate, not the reduced grocery rate.""}",2026-05-20,https://www.ncleg.gov/EnactedLegislation/Statutes/HTML/BySection/Chapter_105/GS_105-164.13.html,2026-05-20
NC,food.dietary_supplements,,True,taxable,{},2024-01-01,,2026-05-18
NC,food.grocery,Unprepared groceries; staples; produce; meat; dairy.,True,reduced_rate,"{""note"": ""NC exempts groceries from the 4.75% state sales tax but levies a 2% local food tax (G.S. § 105-164.13(38))."", ""reduced_rate"": 0.02}",2026-05-20,https://www.ncleg.gov/EnactedLegislation/Statutes/HTML/BySection/Chapter_105/GS_105-164.13.html,2026-05-20
NC,food.prepared,"Restaurant meals, takeout, food sold for immediate consumption.",True,taxable,{},2026-05-20,https://www.ncdor.gov/taxes-forms/sales-and-use-tax/sales-and-use-tax-bulletins,2026-05-20
NC,food.soft_drinks,,True,taxable,{},2024-01-01,,2026-05-18
NC,goods.electronics,,True,taxable,{},2024-01-01,,2026-05-18
NC,goods.furniture,,True,taxable,{},2024-01-01,,2026-05-18
NC,goods.general,,True,taxable,{},2024-01-01,,2026-05-18
NC,hygiene.diapers,"Infant/baby diapers and adult incontinence products (briefs, liners, underpads), cloth or disposable.",True,conditional,"{""note"": ""Exempt only if sold on prescription to Medicaid beneficiaries; otherwise taxable."", ""exempt_if"": ""prescription_to_medicaid_beneficiary""}",2026-08-05,https://www.ncdor.gov,2026-08-05
NC,hygiene.menstrual,"Menstrual and feminine hygiene products: tampons, sanitary pads, pantyliners, menstrual cups, and period underwear.",True,taxable,"{""note"": ""SB 510 (2025) died in committee; still fully taxable.""}",2026-08-05,,2026-05-18
NC,medical.devices,,False,exempt,{},2024-01-01,,2026-05-18
NC,medical.equipment,"Wheelchairs, hearing aids, prosthetics, durable medical equipment.",False,exempt,"{""note"": ""DME, prosthetics, mobility-enhancing equipment exempt when sold on prescription (§ 105-164.13(12))."", ""prescription_required"": true}",2026-05-20,https://www.ncleg.gov/EnactedLegislation/Statutes/HTML/BySection/Chapter_105/GS_105-164.13.html,2026-05-20
NC,medical.otc,Over-the-counter medications.,True,taxable,"{""note"": ""NC taxes OTC drugs unless dispensed by prescription.""}",2026-05-20,https://www.ncleg.gov/EnactedLegislation/Statutes/HTML/BySection/Chapter_105/GS_105-164.13.html,2026-05-20
NC,medical.otc_drugs,,True,taxable,{},2024-01-01,,2026-05-18
NC,medical.prescription_drugs,,False,exempt,{},2024-01-01,,2026-05-18
NC,medical.rx,Prescription drugs (typically exempt nationwide).,False,exempt,{},2026-05-20,https://www.ncleg.gov/EnactedLegislation/Statutes/HTML/BySection/Chapter_105/GS_105-164.13.html,2026-05-20
NC,publications.books,,True,taxable,{},2024-01-01,,2026-05-18
NC,publications.magazines,,True,taxable,{},2024-01-01,,2026-05-18
NC,publications.newspapers,,False,exempt,{},2024-01-01,,2026-05-18
NC,publications.textbooks,"Required course and college textbooks, printed or digital, as distinct from general trade books. Many states exempt these only when sold by a school or to an enrolled student.",True,taxable,{},2026-08-05,,2026-05-18
NC,services.ai_api,,False,exempt,{},2024-01-01,,2026-05-18
NC,services.data_processing,,False,exempt,{},2024-01-01,,2026-05-18
NC,services.personal_care,,False,exempt,{},2024-01-01,,2026-05-18
NC,services.professional,,False,exempt,{},2024-01-01,,2026-05-18
NC,services.repair,,True,taxable,{},2024-01-01,,2026-05-18
NC,services.web_hosting,,False,exempt,{},2024-01-01,,2026-05-18
NC,software.custom,,False,exempt,{},2024-01-01,,2026-05-18
NC,software.prewritten,,True,taxable,{},2024-01-01,,2026-05-18
NC,software.saas,,False,exempt,{},2024-01-01,,2026-05-18
ND,clothing.accessories,"Handbags, belts, jewelry, watches.",True,taxable,{},2026-05-21,https://www.tax.nd.gov/business/sales-and-use-tax,2026-05-21
ND,clothing.athletic,Sports and performance apparel; team uniforms; non-protective athletic gear.,True,taxable,{},2026-05-21,https://www.tax.nd.gov/business/sales-and-use-tax,2026-05-21
ND,clothing.formal,"Suits, gowns, ties, dress shirts not for everyday wear.",True,taxable,{},2026-05-21,https://www.tax.nd.gov/business/sales-and-use-tax,2026-05-21
ND,clothing.general,"Everyday wearing apparel; t-shirts, jeans, dresses, jackets.",True,taxable,{},2026-05-21,https://www.tax.nd.gov/business/sales-and-use-tax,2026-05-21
ND,clothing.protective,"Helmets, safety boots, protective work gear, hazard equipment.",True,taxable,"{""note"": ""Manufacturing safety equipment may qualify for the manufacturing exemption.""}",2026-05-21,https://www.tax.nd.gov/business/sales-and-use-tax,2026-05-21
ND,digital.download,"Permanent-license software, e-books, music downloads, games.",True,conditional,"{""note"": ""Prewritten software taxable regardless of delivery; other digital goods (music, e-books, video) not taxed in ND."", ""other_digital_exempt"": true, ""prewritten_software_taxable"": true}",2026-05-21,https://www.tax.nd.gov/business/sales-and-use-tax,2026-05-21
ND,digital.saas,"Subscription software accessed via the web; CRMs, productivity tools.",False,exempt,"{""note"": ""ND does not tax remotely accessed software / SaaS.""}",2026-05-21,https://www.tax.nd.gov/business/sales-and-use-tax,2026-05-21
ND,digital.streaming,Streaming services; on-demand video/music with no permanent copy.,False,exempt,"{""note"": ""ND does not tax streaming / non-software digital goods.""}",2026-05-21,https://www.tax.nd.gov/business/sales-and-use-tax,2026-05-21
ND,digital_products.ebook,,False,exempt,{},2024-01-01,,2026-05-18
ND,digital_products.music,,False,exempt,{},2024-01-01,,2026-05-18
ND,digital_products.streaming,,False,exempt,{},2024-01-01,,2026-05-18
ND,digital_products.video,,False,exempt,{},2024-01-01,,2026-05-18
ND,food.bottled_water,"Plain, still, unsweetened, unflavored bottled drinking water (spring, mineral, distilled, or purified) sold in a sealed retail container. Excludes flavored, sweetened, or carbonated water, which is taxed as a soft drink under food.candy_soda.",False,exempt,"{""note"": ""Taxable if sold through a coin-operated vending machine, or if it contains added natural/artificial sweeteners (reclassified as a taxable soft drink); local option sales taxes may still apply.""}",2026-08-05,https://www.tax.nd.gov/sites/www/files/documents/guidelines/business/sales-use/gl-22062-1.pdf,2026-08-05
ND,food.candy,,True,taxable,{},2024-01-01,,2026-05-18
ND,food.candy_soda,"Candy, soda, sweetened beverages (often taxed where groceries aren't).",True,taxable,"{""note"": ""Candy and soft drinks excluded from the food exemption (taxable).""}",2026-05-21,https://www.tax.nd.gov/business/sales-and-use-tax,2026-05-21
ND,food.dietary_supplements,,True,taxable,{},2024-01-01,,2026-05-18
ND,food.grocery,Unprepared groceries; staples; produce; meat; dairy.,False,exempt,"{""note"": ""Food and food products exempt (N.D.C.C. 57-39.2-04); prepared food taxable.""}",2026-05-21,https://www.tax.nd.gov/business/sales-and-use-tax,2026-05-21
ND,food.prepared,"Restaurant meals, takeout, food sold for immediate consumption.",True,taxable,{},2026-05-21,https://www.tax.nd.gov/business/sales-and-use-tax,2026-05-21
ND,food.soft_drinks,,True,taxable,{},2024-01-01,,2026-05-18
ND,goods.electronics,,True,taxable,{},2024-01-01,,2026-05-18
ND,goods.furniture,,True,taxable,{},2024-01-01,,2026-05-18
ND,goods.general,,True,taxable,{},2024-01-01,,2026-05-18
ND,hygiene.diapers,"Infant/baby diapers and adult incontinence products (briefs, liners, underpads), cloth or disposable.",False,exempt,"{""scope"": ""both""}",2026-08-05,https://www.ndlegis.gov,2026-08-05
ND,hygiene.menstrual,"Menstrual and feminine hygiene products: tampons, sanitary pads, pantyliners, menstrual cups, and period underwear.",True,taxable,{},2026-08-05,,2026-05-18
ND,medical.devices,,False,exempt,{},2024-01-01,,2026-05-18
ND,medical.equipment,"Wheelchairs, hearing aids, prosthetics, durable medical equipment.",True,conditional,"{""note"": ""DME and prosthetics exempt when prescribed (N.D.C.C. 57-39.2-04)."", ""prescription_required"": true}",2026-05-21,https://www.tax.nd.gov/business/sales-and-use-tax,2026-05-21
ND,medical.otc,Over-the-counter medications.,True,taxable,"{""note"": ""OTC taxable unless dispensed by prescription.""}",2026-05-21,https://www.tax.nd.gov/business/sales-and-use-tax,2026-05-21
ND,medical.otc_drugs,,True,taxable,{},2024-01-01,,2026-05-18
ND,medical.prescription_drugs,,False,exempt,{},2024-01-01,,2026-05-18
ND,medical.rx,Prescription drugs (typically exempt nationwide).,False,exempt,{},2026-05-21,https://www.tax.nd.gov/business/sales-and-use-tax,2026-05-21
ND,publications.books,,True,taxable,{},2024-01-01,,2026-05-18
ND,publications.magazines,,True,taxable,{},2024-01-01,,2026-05-18
ND,publications.newspapers,,False,exempt,{},2024-01-01,,2026-05-18
ND,publications.textbooks,"Required course and college textbooks, printed or digital, as distinct from general trade books. Many states exempt these only when sold by a school or to an enrolled student.",True,conditional,"{""note"": ""Exempt when sold to regularly enrolled students of a school, or bought by a nonprofit school/college."", ""exempt_if"": ""enrolled_students_or_nonprofit_school""}",2026-08-05,https://www.ndlegis.gov,2026-08-05
ND,services.ai_api,,False,exempt,{},2024-01-01,,2026-05-18
ND,services.data_processing,,False,exempt,{},2024-01-01,,2026-05-18
ND,services.personal_care,,False,exempt,{},2024-01-01,,2026-05-18
ND,services.professional,,False,exempt,{},2024-01-01,,2026-05-18
ND,services.repair,,True,taxable,{},2024-01-01,,2026-05-18
ND,services.web_hosting,,False,exempt,{},2024-01-01,,2026-05-18
ND,software.custom,,False,exempt,{},2024-01-01,,2026-05-18
ND,software.prewritten,,True,taxable,{},2024-01-01,,2026-05-18
ND,software.saas,,False,exempt,{},2024-01-01,,2026-05-18
NE,clothing.accessories,"Handbags, belts, jewelry, watches.",True,taxable,{},2026-05-21,https://revenue.nebraska.gov/businesses/sales-and-use-tax,2026-05-21
NE,clothing.athletic,Sports and performance apparel; team uniforms; non-protective athletic gear.,True,taxable,{},2026-05-21,https://revenue.nebraska.gov/businesses/sales-and-use-tax,2026-05-21
NE,clothing.formal,"Suits, gowns, ties, dress shirts not for everyday wear.",True,taxable,{},2026-05-21,https://revenue.nebraska.gov/businesses/sales-and-use-tax,2026-05-21
NE,clothing.general,"Everyday wearing apparel; t-shirts, jeans, dresses, jackets.",True,taxable,{},2026-05-21,https://revenue.nebraska.gov/businesses/sales-and-use-tax,2026-05-21
NE,clothing.protective,"Helmets, safety boots, protective work gear, hazard equipment.",True,conditional,"{""note"": ""Manufacturing safety equipment may qualify; consumer PPE taxable."", ""business_use_exempt"": true}",2026-05-21,https://revenue.nebraska.gov/businesses/sales-and-use-tax,2026-05-21
NE,digital.download,"Permanent-license software, e-books, music downloads, games.",True,taxable,"{""note"": ""Digital goods and prewritten software taxable (Neb. Rev. Stat. 77-2701.16).""}",2026-05-21,https://revenue.nebraska.gov/businesses/sales-and-use-tax,2026-05-21
NE,digital.saas,"Subscription software accessed via the web; CRMs, productivity tools.",False,exempt,"{""note"": ""Nebraska does not tax remotely accessed software / SaaS.""}",2026-05-21,https://revenue.nebraska.gov/businesses/sales-and-use-tax,2026-05-21
NE,digital.streaming,Streaming services; on-demand video/music with no permanent copy.,True,taxable,"{""note"": ""Digital audio/audiovisual works including streaming taxable.""}",2026-05-21,https://revenue.nebraska.gov/businesses/sales-and-use-tax,2026-05-21
NE,digital_products.ebook,,True,taxable,{},2024-01-01,,2026-05-18
NE,digital_products.music,,True,taxable,{},2024-01-01,,2026-05-18
NE,digital_products.streaming,,True,taxable,{},2024-01-01,,2026-05-18
NE,digital_products.video,,True,taxable,{},2024-01-01,,2026-05-18
NE,food.bottled_water,"Plain, still, unsweetened, unflavored bottled drinking water (spring, mineral, distilled, or purified) sold in a sealed retail container. Excludes flavored, sweetened, or carbonated water, which is taxed as a soft drink under food.candy_soda.",False,exempt,"{""note"": ""Local option sales/use taxes may still apply; taxable if sold as part of prepared food or beverage service.""}",2026-08-05,https://revenue.nebraska.gov/sites/default/files/doc/legal/regs/1-087.pdf,2026-08-05
NE,food.candy,,False,exempt,"{""note"": ""Candy is food and food ingredients, exempt from state and local tax (77-2704.24).""}",2024-01-01,https://nebraskalegislature.gov/laws/statutes.php?statute=77-2704.24,2026-09-28
NE,food.candy_soda,"Candy, soda, sweetened beverages (often taxed where groceries aren't).",True,taxable,"{""note"": ""Candy and soft drinks excluded from the food exemption (taxable).""}",2026-05-21,https://revenue.nebraska.gov/businesses/sales-and-use-tax,2026-05-21
NE,food.dietary_supplements,,True,taxable,{},2024-01-01,,2026-05-18
NE,food.grocery,Unprepared groceries; staples; produce; meat; dairy.,False,exempt,"{""note"": ""Food and food ingredients exempt; prepared food taxable.""}",2026-05-21,https://revenue.nebraska.gov/businesses/sales-and-use-tax,2026-05-21
NE,food.prepared,"Restaurant meals, takeout, food sold for immediate consumption.",True,taxable,{},2026-05-21,https://revenue.nebraska.gov/businesses/sales-and-use-tax,2026-05-21
NE,food.soft_drinks,,False,exempt,"{""note"": ""Soft drinks are food and food ingredients, exempt from state and local tax (77-2704.24).""}",2024-01-01,https://nebraskalegislature.gov/laws/statutes.php?statute=77-2704.24,2026-09-28
NE,goods.electronics,,True,taxable,{},2024-01-01,,2026-05-18
NE,goods.furniture,,True,taxable,{},2024-01-01,,2026-05-18
NE,goods.general,,True,taxable,{},2024-01-01,,2026-05-18
NE,hygiene.diapers,"Infant/baby diapers and adult incontinence products (briefs, liners, underpads), cloth or disposable.",True,taxable,"{""note"": ""Exemption enacted but not effective until 2027-07-01; taxable throughout 2026.""}",2026-08-05,,2026-05-18
NE,hygiene.menstrual,"Menstrual and feminine hygiene products: tampons, sanitary pads, pantyliners, menstrual cups, and period underwear.",False,exempt,{},2026-08-05,https://revenue.nebraska.gov,2026-08-05
NE,medical.devices,,False,exempt,{},2024-01-01,,2026-05-18
NE,medical.equipment,"Wheelchairs, hearing aids, prosthetics, durable medical equipment.",True,conditional,"{""note"": ""DME and prosthetics exempt when prescribed."", ""prescription_required"": true}",2026-05-21,https://revenue.nebraska.gov/businesses/sales-and-use-tax,2026-05-21
NE,medical.otc,Over-the-counter medications.,True,taxable,"{""note"": ""OTC taxable unless dispensed by prescription.""}",2026-05-21,https://revenue.nebraska.gov/businesses/sales-and-use-tax,2026-05-21
NE,medical.otc_drugs,,True,taxable,{},2024-01-01,,2026-05-18
NE,medical.prescription_drugs,,False,exempt,{},2024-01-01,,2026-05-18
NE,medical.rx,Prescription drugs (typically exempt nationwide).,False,exempt,{},2026-05-21,https://revenue.nebraska.gov/businesses/sales-and-use-tax,2026-05-21
NE,publications.books,,True,taxable,{},2024-01-01,,2026-05-18
NE,publications.magazines,,True,taxable,{},2024-01-01,,2026-05-18
NE,publications.newspapers,,False,exempt,{},2024-01-01,,2026-05-18
NE,publications.textbooks,"Required course and college textbooks, printed or digital, as distinct from general trade books. Many states exempt these only when sold by a school or to an enrolled student.",True,taxable,"{""note"": ""College/general textbooks taxable; only a K-12 school-store carve-out.""}",2026-08-05,,2026-05-18
NE,services.ai_api,,False,exempt,{},2024-01-01,,2026-05-18
NE,services.data_processing,,False,exempt,{},2024-01-01,,2026-05-18
NE,services.personal_care,,False,exempt,{},2024-01-01,,2026-05-18
NE,services.professional,,False,exempt,{},2024-01-01,,2026-05-18
NE,services.repair,,True,taxable,{},2024-01-01,,2026-05-18
NE,services.web_hosting,,False,exempt,{},2024-01-01,,2026-05-18
NE,software.custom,,True,taxable,{},2024-01-01,,2026-05-18
NE,software.prewritten,,True,taxable,{},2024-01-01,,2026-05-18
NE,software.saas,,False,exempt,{},2024-01-01,,2026-05-18
NJ,clothing.accessories,"Handbags, belts, jewelry, watches.",True,taxable,"{""note"": ""Handbags, belts, jewelry, watches excluded from the apparel exemption.""}",2026-05-20,https://www.nj.gov/treasury/taxation/pdf/pubs/sales/su4.pdf,2026-05-20
NJ,clothing.athletic,Sports and performance apparel; team uniforms; non-protective athletic gear.,True,conditional,"{""note"": ""NJ exempts athletic apparel that can be worn for everyday use (track suits, athletic shoes); sport-specific gear (cleats, helmets, mouthguards) taxable."", ""everyday_use_exempt"": true, ""sport_specific_taxable"": true}",2026-05-20,https://www.nj.gov/treasury/taxation/pdf/pubs/sales/su4.pdf,2026-05-20
NJ,clothing.formal,"Suits, gowns, ties, dress shirts not for everyday wear.",True,conditional,"{""note"": ""Day and evening wear (tuxedos, gowns) within the clothing exemption; fur clothing is excluded (§ 54:32B-8.4(b))."", ""fur_taxable"": true, ""day_evening_wear_exempt"": true}",2026-05-20,https://www.nj.gov/treasury/taxation/pdf/pubs/sales/su4.pdf,2026-05-20
NJ,clothing.general,"Everyday wearing apparel; t-shirts, jeans, dresses, jackets.",False,exempt,"{""note"": ""NJ exempts clothing and footwear used for human wear (N.J.S.A. 54:32B-8.4) — broadest clothing exemption in the country.""}",2026-05-20,https://www.nj.gov/treasury/taxation/pdf/pubs/sales/su4.pdf,2026-05-20
NJ,clothing.protective,"Helmets, safety boots, protective work gear, hazard equipment.",True,taxable,{},2026-05-20,https://www.nj.gov/treasury/taxation/pdf/pubs/sales/su4.pdf,2026-05-20
NJ,digital.download,"Permanent-license software, e-books, music downloads, games.",True,taxable,"{""note"": ""NJ taxes specified digital products and pre-written canned software downloads (§ 54:32B-8.56).""}",2026-05-20,https://www.nj.gov/treasury/taxation/pdf/pubs/sales/su4.pdf,2026-05-20
NJ,digital.saas,"Subscription software accessed via the web; CRMs, productivity tools.",False,exempt,"{""note"": ""NJ does not tax SaaS — TAM 2011-4 / TB-93 distinguish remote access (exempt) from canned software download (taxable).""}",2026-05-20,https://www.nj.gov/treasury/taxation/pdf/pubs/tb/tb93.pdf,2026-05-20
NJ,digital.streaming,Streaming services; on-demand video/music with no permanent copy.,False,exempt,"{""note"": ""NJ excludes streaming/access services without a permanent copy from specified-digital-products tax (§ 54:32B-8.56).""}",2026-05-20,https://www.nj.gov/treasury/taxation/pdf/pubs/sales/su4.pdf,2026-05-20
NJ,digital_products.ebook,,True,taxable,{},2024-01-01,,2026-05-18
NJ,digital_products.music,,True,taxable,{},2024-01-01,,2026-05-18
NJ,digital_products.streaming,,False,exempt,{},2024-01-01,,2026-05-18
NJ,digital_products.video,,True,taxable,{},2024-01-01,,2026-05-18
NJ,food.bottled_water,"Plain, still, unsweetened, unflavored bottled drinking water (spring, mineral, distilled, or purified) sold in a sealed retail container. Excludes flavored, sweetened, or carbonated water, which is taxed as a soft drink under food.candy_soda.",False,exempt,"{""note"": ""Only artificially carbonated water is taxed as a soft drink; plain still and naturally carbonated bottled water is exempt as grocery food; no general NJ local sales tax.""}",2026-08-05,https://law.justia.com/codes/new-jersey/title-54/section-54-32b-8-2/,2026-08-05
NJ,food.candy,,True,taxable,"{""note"": ""Candy is taxable (N.J.S.A. 54:32B-8.2; TB-70).""}",2024-01-01,https://www.nj.gov/treasury/taxation/pdf/pubs/tb/tb70.pdf,2026-09-28
NJ,food.candy_soda,"Candy, soda, sweetened beverages (often taxed where groceries aren't).",True,conditional,"{""note"": ""NJ taxes candy and soft drinks (carve-outs from the food exemption per § 54:32B-8.2)."", ""soda_taxable"": true, ""candy_taxable"": true}",2026-05-20,https://www.nj.gov/treasury/taxation/pdf/pubs/sales/su4.pdf,2026-05-20
NJ,food.dietary_supplements,,False,exempt,{},2024-01-01,,2026-05-18
NJ,food.grocery,Unprepared groceries; staples; produce; meat; dairy.,False,exempt,"{""note"": ""NJ exempts groceries and food sold for off-premises consumption (§ 54:32B-8.2).""}",2026-05-20,https://www.nj.gov/treasury/taxation/pdf/pubs/sales/su4.pdf,2026-05-20
NJ,food.prepared,"Restaurant meals, takeout, food sold for immediate consumption.",True,taxable,{},2026-05-20,https://www.nj.gov/treasury/taxation/pdf/pubs/sales/su4.pdf,2026-05-20
NJ,food.soft_drinks,,True,taxable,"{""note"": ""Soft drinks are taxable (N.J.S.A. 54:32B-8.2; TB-70).""}",2024-01-01,https://www.nj.gov/treasury/taxation/pdf/pubs/tb/tb70.pdf,2026-09-28
NJ,goods.electronics,,True,taxable,{},2024-01-01,,2026-05-18
NJ,goods.furniture,,True,taxable,{},2024-01-01,,2026-05-18
NJ,goods.general,,True,taxable,{},2024-01-01,,2026-05-18
NJ,hygiene.diapers,"Infant/baby diapers and adult incontinence products (briefs, liners, underpads), cloth or disposable.",False,exempt,"{""basis"": ""clothing"", ""scope"": ""both""}",2026-08-05,https://www.nj.gov/treasury/taxation,2026-08-05
NJ,hygiene.menstrual,"Menstrual and feminine hygiene products: tampons, sanitary pads, pantyliners, menstrual cups, and period underwear.",False,exempt,{},2026-08-05,https://www.nj.gov/treasury/taxation,2026-08-05
NJ,medical.devices,,False,exempt,{},2024-01-01,,2026-05-18
NJ,medical.equipment,"Wheelchairs, hearing aids, prosthetics, durable medical equipment.",False,exempt,"{""note"": ""DME, prosthetics, mobility-enhancing equipment exempt for human use (§ 54:32B-8.1) — no prescription required for most items."", ""prescription_required"": false}",2026-05-20,https://www.nj.gov/treasury/taxation/pdf/pubs/sales/su4.pdf,2026-05-20
NJ,medical.otc,Over-the-counter medications.,False,exempt,"{""note"": ""NJ exempts OTC drugs (those bearing a Drug Facts label) under § 54:32B-8.1.""}",2026-05-20,https://www.nj.gov/treasury/taxation/pdf/pubs/sales/su4.pdf,2026-05-20
NJ,medical.otc_drugs,,False,exempt,{},2024-01-01,,2026-05-18
NJ,medical.prescription_drugs,,False,exempt,{},2024-01-01,,2026-05-18
NJ,medical.rx,Prescription drugs (typically exempt nationwide).,False,exempt,{},2026-05-20,https://www.nj.gov/treasury/taxation/pdf/pubs/sales/su4.pdf,2026-05-20
NJ,publications.books,,True,taxable,{},2024-01-01,,2026-05-18
NJ,publications.magazines,,True,taxable,{},2024-01-01,,2026-05-18
NJ,publications.newspapers,,False,exempt,{},2024-01-01,,2026-05-18
NJ,publications.textbooks,"Required course and college textbooks, printed or digital, as distinct from general trade books. Many states exempt these only when sold by a school or to an enrolled student.",True,conditional,"{""note"": ""Exempt for institution-required course textbooks when the purchaser gives the seller Form ST-16."", ""exempt_if"": ""required_text_form_ST16""}",2026-08-05,https://law.justia.com,2026-08-05
NJ,services.ai_api,,False,exempt,{},2024-01-01,,2026-05-18
NJ,services.data_processing,,False,exempt,{},2024-01-01,,2026-05-18
NJ,services.personal_care,,False,exempt,{},2024-01-01,,2026-05-18
NJ,services.professional,,False,exempt,{},2024-01-01,,2026-05-18
NJ,services.repair,,True,taxable,{},2024-01-01,,2026-05-18
NJ,services.web_hosting,,False,exempt,{},2024-01-01,,2026-05-18
NJ,software.custom,,False,exempt,{},2024-01-01,,2026-05-18
NJ,software.prewritten,,True,taxable,{},2024-01-01,,2026-05-18
NJ,software.saas,,False,exempt,{},2024-01-01,,2026-05-18
NM,clothing.accessories,"Handbags, belts, jewelry, watches.",True,taxable,{},2026-05-21,https://www.tax.newmexico.gov/businesses/gross-receipts-overview/,2026-05-21
NM,clothing.athletic,Sports and performance apparel; team uniforms; non-protective athletic gear.,True,conditional,"{""tax_holiday"": {""scope"": ""full"", ""windows"": [{""end"": ""2026-08-02"", ""start"": ""2026-07-31""}], ""price_cap_cents"": 10000}}",2026-06-01,https://www.tax.newmexico.gov/news-alerts/tax-holiday/,2026-07-26
NM,clothing.formal,"Suits, gowns, ties, dress shirts not for everyday wear.",True,conditional,"{""tax_holiday"": {""scope"": ""full"", ""windows"": [{""end"": ""2026-08-02"", ""start"": ""2026-07-31""}], ""price_cap_cents"": 10000}}",2026-06-01,https://www.tax.newmexico.gov/news-alerts/tax-holiday/,2026-07-26
NM,clothing.general,"Everyday wearing apparel; t-shirts, jeans, dresses, jackets.",True,conditional,"{""tax_holiday"": {""scope"": ""full"", ""windows"": [{""end"": ""2026-08-02"", ""start"": ""2026-07-31""}], ""price_cap_cents"": 10000}}",2026-06-01,https://www.tax.newmexico.gov/news-alerts/tax-holiday/,2026-07-26
NM,clothing.protective,"Helmets, safety boots, protective work gear, hazard equipment.",True,taxable,{},2026-05-21,https://www.tax.newmexico.gov/businesses/gross-receipts-overview/,2026-05-21
NM,digital.download,"Permanent-license software, e-books, music downloads, games.",True,taxable,"{""note"": ""NM GRT applies to digital products.""}",2026-05-21,https://www.tax.newmexico.gov/businesses/gross-receipts-overview/,2026-05-21
NM,digital.saas,"Subscription software accessed via the web; CRMs, productivity tools.",True,taxable,"{""note"": ""NM GRT applies to services including SaaS (broad services base).""}",2026-05-21,https://www.tax.newmexico.gov/businesses/gross-receipts-overview/,2026-05-21
NM,digital.streaming,Streaming services; on-demand video/music with no permanent copy.,True,taxable,"{""note"": ""NM GRT applies to streaming services.""}",2026-05-21,https://www.tax.newmexico.gov/businesses/gross-receipts-overview/,2026-05-21
NM,digital_products.ebook,,True,taxable,{},2024-01-01,,2026-05-18
NM,digital_products.music,,True,taxable,{},2024-01-01,,2026-05-18
NM,digital_products.streaming,,True,taxable,{},2024-01-01,,2026-05-18
NM,digital_products.video,,True,taxable,{},2024-01-01,,2026-05-18
NM,food.bottled_water,"Plain, still, unsweetened, unflavored bottled drinking water (spring, mineral, distilled, or purified) sold in a sealed retail container. Excludes flavored, sweetened, or carbonated water, which is taxed as a soft drink under food.candy_soda.",True,conditional,"{""note"": ""New Mexico's gross receipts tax deduction for food sold by a retail food store lists bottled water among qualifying items, but the deduction applies only when the seller meets the federal SNAP retail-food-store definition; sales by non-qualifying sellers, restaurants, or vending machines remain subject to GRT."", ""exempt_if"": ""sold_by_qualifying_retail_food_store""}",2026-08-05,https://www.tax.newmexico.gov/businesses/gross-receipts-overview/,2026-08-05
NM,food.candy,,False,exempt,{},2024-01-01,,2026-05-18
NM,food.candy_soda,"Candy, soda, sweetened beverages (often taxed where groceries aren't).",False,exempt,"{""note"": ""Candy and soft drinks are SNAP-eligible and within the GRT food deduction.""}",2026-05-21,https://www.tax.newmexico.gov/businesses/gross-receipts-overview/,2026-05-21
NM,food.dietary_supplements,,True,taxable,{},2024-01-01,,2026-05-18
NM,food.grocery,Unprepared groceries; staples; produce; meat; dairy.,False,exempt,"{""note"": ""Retail sales of food (grocery) deductible from GRT (N.M. Stat. 7-9-92).""}",2026-05-21,https://www.tax.newmexico.gov/businesses/gross-receipts-overview/,2026-05-21
NM,food.prepared,"Restaurant meals, takeout, food sold for immediate consumption.",True,taxable,"{""note"": ""Prepared/restaurant food subject to GRT.""}",2026-05-21,https://www.tax.newmexico.gov/businesses/gross-receipts-overview/,2026-05-21
NM,food.soft_drinks,,False,exempt,{},2024-01-01,,2026-05-18
NM,goods.electronics,,True,taxable,{},2024-01-01,,2026-05-18
NM,goods.furniture,,True,taxable,{},2024-01-01,,2026-05-18
NM,goods.general,,True,taxable,{},2024-01-01,,2026-05-18
NM,hygiene.diapers,"Infant/baby diapers and adult incontinence products (briefs, liners, underpads), cloth or disposable.",True,taxable,"{""note"": ""GRT default-taxable; no diaper deduction found.""}",2026-08-05,,2026-05-18
NM,hygiene.menstrual,"Menstrual and feminine hygiene products: tampons, sanitary pads, pantyliners, menstrual cups, and period underwear.",False,exempt,"{""note"": ""GRT deduction — products bear no gross receipts tax.""}",2026-08-05,https://www.nmlegis.gov,2026-08-05
NM,medical.devices,,False,exempt,{},2024-01-01,,2026-05-18
NM,medical.equipment,"Wheelchairs, hearing aids, prosthetics, durable medical equipment.",True,conditional,"{""note"": ""Prescribed medical equipment deductible from GRT (N.M. Stat. 7-9-73.3)."", ""prescription_required"": true}",2026-05-21,https://www.tax.newmexico.gov/businesses/gross-receipts-overview/,2026-05-21
NM,medical.otc,Over-the-counter medications.,True,taxable,"{""note"": ""OTC subject to GRT unless dispensed by prescription.""}",2026-05-21,https://www.tax.newmexico.gov/businesses/gross-receipts-overview/,2026-05-21
NM,medical.otc_drugs,,True,taxable,{},2024-01-01,,2026-05-18
NM,medical.prescription_drugs,,False,exempt,{},2024-01-01,,2026-05-18
NM,medical.rx,Prescription drugs (typically exempt nationwide).,False,exempt,{},2026-05-21,https://www.tax.newmexico.gov/businesses/gross-receipts-overview/,2026-05-21
NM,publications.books,,True,taxable,{},2024-01-01,,2026-05-18
NM,publications.magazines,,True,taxable,{},2024-01-01,,2026-05-18
NM,publications.newspapers,,False,exempt,{},2024-01-01,,2026-05-18
NM,publications.textbooks,"Required course and college textbooks, printed or digital, as distinct from general trade books. Many states exempt these only when sold by a school or to an enrolled student.",True,conditional,"{""note"": ""GRT exempt only for on-campus bookstore sales to an enrolled student presenting a valid ID."", ""exempt_if"": ""on_campus_bookstore_enrolled_student_id""}",2026-08-05,https://law.justia.com,2026-08-05
NM,services.ai_api,,True,taxable,{},2024-01-01,,2026-05-18
NM,services.data_processing,,True,taxable,{},2024-01-01,,2026-05-18
NM,services.personal_care,,True,taxable,{},2024-01-01,,2026-05-18
NM,services.professional,,True,taxable,{},2024-01-01,,2026-05-18
NM,services.repair,,True,taxable,{},2024-01-01,,2026-05-18
NM,services.web_hosting,,True,taxable,{},2024-01-01,,2026-05-18
NM,software.custom,,True,taxable,{},2024-01-01,,2026-05-18
NM,software.prewritten,,True,taxable,{},2024-01-01,,2026-05-18
NM,software.saas,,True,taxable,{},2024-01-01,,2026-05-18
NV,clothing.accessories,"Handbags, belts, jewelry, watches.",True,taxable,{},2026-05-21,https://tax.nv.gov/,2026-05-21
NV,clothing.athletic,Sports and performance apparel; team uniforms; non-protective athletic gear.,True,taxable,{},2026-05-21,https://tax.nv.gov/,2026-05-21
NV,clothing.formal,"Suits, gowns, ties, dress shirts not for everyday wear.",True,taxable,{},2026-05-21,https://tax.nv.gov/,2026-05-21
NV,clothing.general,"Everyday wearing apparel; t-shirts, jeans, dresses, jackets.",True,taxable,{},2026-05-21,https://tax.nv.gov/,2026-05-21
NV,clothing.protective,"Helmets, safety boots, protective work gear, hazard equipment.",True,conditional,"{""note"": ""Manufacturing safety equipment may qualify; consumer PPE taxable."", ""business_use_exempt"": true}",2026-05-21,https://tax.nv.gov/,2026-05-21
NV,digital.download,"Permanent-license software, e-books, music downloads, games.",False,exempt,"{""note"": ""NV does not tax electronically delivered software or digital goods.""}",2026-05-21,https://tax.nv.gov/,2026-05-21
NV,digital.saas,"Subscription software accessed via the web; CRMs, productivity tools.",False,exempt,"{""note"": ""NV does not tax SaaS / electronically delivered software — not tangible personal property.""}",2026-05-21,https://tax.nv.gov/,2026-05-21
NV,digital.streaming,Streaming services; on-demand video/music with no permanent copy.,False,exempt,"{""note"": ""Streaming/digital goods not taxed in NV.""}",2026-05-21,https://tax.nv.gov/,2026-05-21
NV,digital_products.ebook,,False,exempt,{},2024-01-01,,2026-05-18
NV,digital_products.music,,False,exempt,{},2024-01-01,,2026-05-18
NV,digital_products.streaming,,False,exempt,{},2024-01-01,,2026-05-18
NV,digital_products.video,,False,exempt,{},2024-01-01,,2026-05-18
NV,food.bottled_water,"Plain, still, unsweetened, unflavored bottled drinking water (spring, mineral, distilled, or purified) sold in a sealed retail container. Excludes flavored, sweetened, or carbonated water, which is taxed as a soft drink under food.candy_soda.",True,taxable,"{""note"": ""2011 Nevada A.B. 218 amended the food-for-human-consumption exemption statute to specifically exclude bottled water from the definition of \""food,\"" effective after 2011-06-30.""}",2026-08-05,https://archive.leg.state.nv.us/Session/76th2011/Bills/AB/AB218.pdf,2026-08-05
NV,food.candy,,False,exempt,"{""note"": ""Candy is food for human consumption, exempt from state and local school support tax (NRS 372.284, 374.289).""}",2024-01-01,https://www.leg.state.nv.us/NRS/NRS-372.html,2026-09-28
NV,food.candy_soda,"Candy, soda, sweetened beverages (often taxed where groceries aren't).",False,needs_research,"{""note"": ""Nevada's treatment of candy and soft drinks under its food-for-human-consumption exemption needs authoritative confirmation.""}",2026-05-21,https://www.leg.state.nv.us/nrs/nrs-372.html,2026-05-21
NV,food.dietary_supplements,,True,taxable,{},2024-01-01,,2026-05-18
NV,food.grocery,Unprepared groceries; staples; produce; meat; dairy.,False,exempt,"{""note"": ""Food for human consumption exempt (NRS 372.284); prepared food taxable.""}",2026-05-21,https://www.leg.state.nv.us/nrs/nrs-372.html,2026-05-21
NV,food.prepared,"Restaurant meals, takeout, food sold for immediate consumption.",True,taxable,{},2026-05-21,https://www.leg.state.nv.us/nrs/nrs-372.html,2026-05-21
NV,food.soft_drinks,,False,exempt,"{""note"": ""Soft drinks are food for human consumption, exempt from state and local school support tax (NRS 372.284, 374.289).""}",2024-01-01,https://www.leg.state.nv.us/NRS/NRS-372.html,2026-09-28
NV,goods.electronics,,True,taxable,{},2024-01-01,,2026-05-18
NV,goods.furniture,,True,taxable,{},2024-01-01,,2026-05-18
NV,goods.general,,True,taxable,{},2024-01-01,,2026-05-18
NV,hygiene.diapers,"Infant/baby diapers and adult incontinence products (briefs, liners, underpads), cloth or disposable.",False,exempt,"{""scope"": ""both"", ""sunset"": ""2050-12-31""}",2026-08-05,https://tax.nv.gov,2026-08-05
NV,hygiene.menstrual,"Menstrual and feminine hygiene products: tampons, sanitary pads, pantyliners, menstrual cups, and period underwear.",False,exempt,"{""note"": ""Voter-approved; scheduled to sunset 2028-12-31."", ""sunset"": ""2028-12-31""}",2026-08-05,https://www.nvsos.gov,2026-08-05
NV,medical.devices,,False,exempt,{},2024-01-01,,2026-05-18
NV,medical.equipment,"Wheelchairs, hearing aids, prosthetics, durable medical equipment.",True,conditional,"{""note"": ""Prosthetic devices and DME exempt when prescribed (NRS 372.283)."", ""prescription_required"": true}",2026-05-21,https://www.leg.state.nv.us/nrs/nrs-372.html,2026-05-21
NV,medical.otc,Over-the-counter medications.,True,taxable,"{""note"": ""OTC taxable unless dispensed by prescription.""}",2026-05-21,https://www.leg.state.nv.us/nrs/nrs-372.html,2026-05-21
NV,medical.otc_drugs,,True,taxable,{},2024-01-01,,2026-05-18
NV,medical.prescription_drugs,,False,exempt,{},2024-01-01,,2026-05-18
NV,medical.rx,Prescription drugs (typically exempt nationwide).,False,exempt,{},2026-05-21,https://www.leg.state.nv.us/nrs/nrs-372.html,2026-05-21
NV,publications.books,,True,taxable,{},2024-01-01,,2026-05-18
NV,publications.magazines,,True,taxable,{},2024-01-01,,2026-05-18
NV,publications.newspapers,,False,exempt,{},2024-01-01,,2026-05-18
NV,publications.textbooks,"Required course and college textbooks, printed or digital, as distinct from general trade books. Many states exempt these only when sold by a school or to an enrolled student.",True,conditional,"{""note"": ""Textbooks sold within the Nevada System of Higher Education exempt; third-party sales taxable."", ""exempt_if"": ""sold_within_NSHE""}",2026-08-05,https://www.leg.state.nv.us,2026-08-05
NV,services.ai_api,,False,exempt,{},2024-01-01,,2026-05-18
NV,services.data_processing,,False,exempt,{},2024-01-01,,2026-05-18
NV,services.personal_care,,False,exempt,{},2024-01-01,,2026-05-18
NV,services.professional,,False,exempt,{},2024-01-01,,2026-05-18
NV,services.repair,,True,taxable,{},2024-01-01,,2026-05-18
NV,services.web_hosting,,False,exempt,{},2024-01-01,,2026-05-18
NV,software.custom,,False,exempt,{},2024-01-01,,2026-05-18
NV,software.prewritten,,True,taxable,{},2024-01-01,,2026-05-18
NV,software.saas,,False,exempt,{},2024-01-01,,2026-05-18
NY,clothing.accessories,"Handbags, belts, jewelry, watches.",True,taxable,"{""note"": ""Accessories — handbags, belts, jewelry, watches — are not within the apparel exemption.""}",2026-05-20,https://www.tax.ny.gov/pubs_and_bulls/tg_bulletins/st/clothing_and_footwear_exemption.htm,2026-05-20
NY,clothing.athletic,Sports and performance apparel; team uniforms; non-protective athletic gear.,False,conditional,"{""note"": ""Athletic apparel under $110 exempt; protective sports gear (helmets, mouthguards) is separately not within the apparel exemption — see TB-ST-530."", ""cap_basis"": ""per_item"", ""price_cap_cents"": 11000}",2026-05-20,https://www.tax.ny.gov/pubs_and_bulls/tg_bulletins/st/clothing_and_footwear_exemption.htm,2026-05-20
NY,clothing.formal,"Suits, gowns, ties, dress shirts not for everyday wear.",False,conditional,"{""note"": ""Formal wear (suits, gowns, dress shirts) follows the same $110 cap; rental of formal wear is separately taxable."", ""cap_basis"": ""per_item"", ""price_cap_cents"": 11000}",2026-05-20,https://www.tax.ny.gov/pubs_and_bulls/tg_bulletins/st/clothing_and_footwear_exemption.htm,2026-05-20
NY,clothing.general,"Everyday wearing apparel; t-shirts, jeans, dresses, jackets.",False,conditional,"{""note"": ""NY exempts clothing and footwear sold for under $110 per item from state (4%) and MCTD (0.375%) tax; some local counties tax it; above $110 the full state+local rate applies."", ""cap_basis"": ""per_item"", ""price_cap_cents"": 11000, ""exemption_above_cap"": false}",2026-05-20,https://www.tax.ny.gov/pubs_and_bulls/tg_bulletins/st/clothing_and_footwear_exemption.htm,2026-05-20
NY,clothing.protective,"Helmets, safety boots, protective work gear, hazard equipment.",True,taxable,"{""note"": ""Athletic and protective equipment (helmets, pads) are explicitly excluded from the clothing exemption — taxable at full state+local rate.""}",2026-05-20,https://www.tax.ny.gov/pubs_and_bulls/tg_bulletins/st/clothing_and_footwear_exemption.htm,2026-05-20
NY,digital.download,"Permanent-license software, e-books, music downloads, games.",True,taxable,"{""note"": ""Pre-written software, e-books, music downloads taxable in NY.""}",2026-05-20,https://www.tax.ny.gov/pdf/memos/sales/m19_4s.pdf,2026-05-20
NY,digital.saas,"Subscription software accessed via the web; CRMs, productivity tools.",True,taxable,"{""note"": ""NY taxes pre-written software and SaaS — sourced to the customer's location (TSB-M-19(4)S).""}",2026-05-20,https://www.tax.ny.gov/pdf/publications/sales/pub840.pdf,2026-05-20
NY,digital.streaming,Streaming services; on-demand video/music with no permanent copy.,False,exempt,"{""note"": ""NY does not currently tax streaming subscription services with no permanent copy (see TSB-M-19(4)S — only pre-written software and digital products with a tangible/permanent component).""}",2026-05-20,https://www.tax.ny.gov/pdf/memos/sales/m19_4s.pdf,2026-05-20
NY,digital_products.ebook,,False,exempt,{},2024-01-01,,2026-05-18
NY,digital_products.music,,False,exempt,{},2024-01-01,,2026-05-18
NY,digital_products.streaming,,False,exempt,{},2024-01-01,,2026-05-18
NY,digital_products.video,,False,exempt,{},2024-01-01,,2026-05-18
NY,food.bottled_water,"Plain, still, unsweetened, unflavored bottled drinking water (spring, mineral, distilled, or purified) sold in a sealed retail container. Excludes flavored, sweetened, or carbonated water, which is taxed as a soft drink under food.candy_soda.",True,taxable,"{""note"": ""Bottled water sold at retail is taxed like ordinary tangible personal property at the standard state+local rate.""}",2026-08-05,https://regulations.justia.com/states/new-york/title-20/chapter-iv/subchapter-a/part-528/section-528-3/,2026-08-05
NY,food.candy,,True,taxable,{},2024-01-01,,2026-05-18
NY,food.candy_soda,"Candy, soda, sweetened beverages (often taxed where groceries aren't).",True,taxable,"{""note"": ""Candy, confectionery, and carbonated soft drinks are excepted from NY's food exemption (TB-ST-525).""}",2026-05-20,https://www.tax.ny.gov/pubs_and_bulls/tg_bulletins/st/listings_of_taxable_and_exempt_foods_and_beverages.htm,2026-05-20
NY,food.dietary_supplements,,False,exempt,{},2024-01-01,,2026-05-18
NY,food.grocery,Unprepared groceries; staples; produce; meat; dairy.,False,exempt,"{""note"": ""NY exempts food for off-premises human consumption (TB-ST-525). Candy, soda, alcohol, and prepared food are carve-outs.""}",2026-05-20,https://www.tax.ny.gov/pubs_and_bulls/tg_bulletins/st/listings_of_taxable_and_exempt_foods_and_beverages.htm,2026-05-20
NY,food.prepared,"Restaurant meals, takeout, food sold for immediate consumption.",True,taxable,"{""note"": ""Restaurant meals and food sold for immediate consumption taxable.""}",2026-05-20,https://www.tax.ny.gov/pubs_and_bulls/tg_bulletins/st/listings_of_taxable_and_exempt_foods_and_beverages.htm,2026-05-20
NY,food.soft_drinks,,True,taxable,{},2024-01-01,,2026-05-18
NY,goods.electronics,,True,taxable,{},2024-01-01,,2026-05-18
NY,goods.furniture,,True,taxable,{},2024-01-01,,2026-05-18
NY,goods.general,,True,taxable,{},2024-01-01,,2026-05-18
NY,hygiene.diapers,"Infant/baby diapers and adult incontinence products (briefs, liners, underpads), cloth or disposable.",False,exempt,"{""scope"": ""both""}",2026-08-05,https://www.tax.ny.gov,2026-08-05
NY,hygiene.menstrual,"Menstrual and feminine hygiene products: tampons, sanitary pads, pantyliners, menstrual cups, and period underwear.",False,exempt,{},2026-08-05,https://www.tax.ny.gov,2026-08-05
NY,medical.devices,,False,exempt,{},2024-01-01,,2026-05-18
NY,medical.equipment,"Wheelchairs, hearing aids, prosthetics, durable medical equipment.",False,exempt,"{""note"": ""Prosthetic aids, hearing aids, eyeglasses, and DME exempt under Tax Law § 1115(a)(3) — no prescription required for most items."", ""prescription_required"": false}",2026-05-20,https://www.tax.ny.gov/pubs_and_bulls/tg_bulletins/st/drugstores_and_pharmacies.htm,2026-05-20
NY,medical.otc,Over-the-counter medications.,False,exempt,"{""note"": ""NY exempts OTC drugs and medicines (TB-ST-193); cosmetics and grooming items remain taxable.""}",2026-05-20,https://www.tax.ny.gov/pubs_and_bulls/tg_bulletins/st/drugstores_and_pharmacies.htm,2026-05-20
NY,medical.otc_drugs,,False,exempt,{},2024-01-01,,2026-05-18
NY,medical.prescription_drugs,,False,exempt,{},2024-01-01,,2026-05-18
NY,medical.rx,Prescription drugs (typically exempt nationwide).,False,exempt,{},2026-05-20,https://www.tax.ny.gov/pubs_and_bulls/tg_bulletins/st/drugstores_and_pharmacies.htm,2026-05-20
NY,publications.books,,True,taxable,{},2024-01-01,,2026-05-18
NY,publications.magazines,,True,taxable,{},2024-01-01,,2026-05-18
NY,publications.newspapers,,False,exempt,{},2024-01-01,,2026-05-18
NY,publications.textbooks,"Required course and college textbooks, printed or digital, as distinct from general trade books. Many states exempt these only when sold by a school or to an enrolled student.",True,conditional,"{""note"": ""Exempt for required course texts bought by a college student presenting a valid student ID."", ""exempt_if"": ""college_student_with_id""}",2026-08-05,https://www.nysenate.gov,2026-08-05
NY,services.ai_api,,True,taxable,{},2024-01-01,,2026-05-18
NY,services.data_processing,,False,exempt,{},2024-01-01,,2026-05-18
NY,services.personal_care,,True,taxable,{},2024-01-01,,2026-05-18
NY,services.professional,,False,exempt,{},2024-01-01,,2026-05-18
NY,services.repair,,True,taxable,{},2024-01-01,,2026-05-18
NY,services.web_hosting,,True,taxable,{},2024-01-01,,2026-05-18
NY,software.custom,,False,exempt,{},2024-01-01,,2026-05-18
NY,software.prewritten,,True,taxable,{},2024-01-01,,2026-05-18
NY,software.saas,,True,taxable,{},2024-01-01,,2026-05-18
OH,clothing.accessories,"Handbags, belts, jewelry, watches.",True,taxable,{},2026-05-20,https://codes.ohio.gov/ohio-revised-code/section-5739.02,2026-05-20
OH,clothing.athletic,Sports and performance apparel; team uniforms; non-protective athletic gear.,True,taxable,{},2026-05-20,https://codes.ohio.gov/ohio-revised-code/section-5739.02,2026-05-20
OH,clothing.formal,"Suits, gowns, ties, dress shirts not for everyday wear.",True,taxable,{},2026-05-20,https://codes.ohio.gov/ohio-revised-code/section-5739.02,2026-05-20
OH,clothing.general,"Everyday wearing apparel; t-shirts, jeans, dresses, jackets.",True,taxable,{},2026-05-20,https://codes.ohio.gov/ohio-revised-code/section-5739.02,2026-05-20
OH,clothing.protective,"Helmets, safety boots, protective work gear, hazard equipment.",True,taxable,{},2026-05-20,https://codes.ohio.gov/ohio-revised-code/section-5739.02,2026-05-20
OH,digital.download,"Permanent-license software, e-books, music downloads, games.",True,taxable,"{""note"": ""OH taxes electronically transferred digital products (R.C. § 5739.01(LLL)).""}",2026-05-20,https://codes.ohio.gov/ohio-revised-code/section-5739.02,2026-05-20
OH,digital.saas,"Subscription software accessed via the web; CRMs, productivity tools.",True,conditional,"{""note"": ""OH taxes electronic information services / SaaS when sold for business use (R.C. § 5739.01(Y)(1)(c)); personal/consumer use is exempt."", ""b2c_exempt"": true, ""b2b_taxable"": true}",2026-05-20,https://tax.ohio.gov/business/ohio-business-taxes/sales-and-use/information-releases/st199601,2026-05-20
OH,digital.streaming,Streaming services; on-demand video/music with no permanent copy.,True,taxable,"{""note"": ""Streaming is included as a digital product when delivered electronically (R.C. § 5739.01(LLL)).""}",2026-05-20,https://codes.ohio.gov/ohio-revised-code/section-5739.02,2026-05-20
OH,digital_products.ebook,,True,taxable,{},2024-01-01,,2026-05-18
OH,digital_products.music,,True,taxable,{},2024-01-01,,2026-05-18
OH,digital_products.streaming,,True,taxable,{},2024-01-01,,2026-05-18
OH,digital_products.video,,True,taxable,{},2024-01-01,,2026-05-18
OH,food.bottled_water,"Plain, still, unsweetened, unflavored bottled drinking water (spring, mineral, distilled, or purified) sold in a sealed retail container. Excludes flavored, sweetened, or carbonated water, which is taxed as a soft drink under food.candy_soda.",False,exempt,"{""note"": ""Applies to off-premises consumption; a sweetened version would meet the statutory definition of a taxable \""soft drink.\""""}",2026-08-05,https://tax.ohio.gov/help-center/resources/tax-education/foodserviceindustry,2026-08-05
OH,food.candy,,False,exempt,"{""note"": ""Candy is food (only soft drinks, dietary supplements, alcohol and tobacco are excluded), exempt off premises (R.C. 5739.02(B)(2)).""}",2024-01-01,https://codes.ohio.gov/ohio-revised-code/section-5739.01,2026-09-28
OH,food.candy_soda,"Candy, soda, sweetened beverages (often taxed where groceries aren't).",True,taxable,"{""note"": ""OH taxes candy and soft drinks per R.C. § 5739.02(B)(2) carve-outs.""}",2026-05-20,https://codes.ohio.gov/ohio-revised-code/section-5739.02,2026-05-20
OH,food.dietary_supplements,,True,taxable,{},2024-01-01,,2026-05-18
OH,food.grocery,Unprepared groceries; staples; produce; meat; dairy.,False,exempt,"{""note"": ""Ohio exempts food for human consumption off-premises (R.C. § 5739.02(B)(2)). Prepared food, alcoholic beverages and dietary supplements are taxable.""}",2026-05-20,https://codes.ohio.gov/ohio-revised-code/section-5739.02,2026-05-20
OH,food.prepared,"Restaurant meals, takeout, food sold for immediate consumption.",True,taxable,{},2026-05-20,https://codes.ohio.gov/ohio-revised-code/section-5739.02,2026-05-20
OH,food.soft_drinks,,True,taxable,{},2024-01-01,,2026-05-18
OH,goods.electronics,,True,taxable,{},2024-01-01,,2026-05-18
OH,goods.furniture,,True,taxable,{},2024-01-01,,2026-05-18
OH,goods.general,,True,taxable,{},2024-01-01,,2026-05-18
OH,hygiene.diapers,"Infant/baby diapers and adult incontinence products (briefs, liners, underpads), cloth or disposable.",True,conditional,"{""note"": ""Children's diapers exempt; adult incontinence taxable."", ""scope"": ""infant_only""}",2026-08-05,https://tax.ohio.gov,2026-08-05
OH,hygiene.menstrual,"Menstrual and feminine hygiene products: tampons, sanitary pads, pantyliners, menstrual cups, and period underwear.",False,exempt,{},2026-08-05,https://codes.ohio.gov,2026-08-05
OH,medical.devices,,False,exempt,{},2024-01-01,,2026-05-18
OH,medical.equipment,"Wheelchairs, hearing aids, prosthetics, durable medical equipment.",True,conditional,"{""note"": ""DME exempt when prescribed (R.C. § 5739.02(B)(19)); over-the-counter purchases taxable."", ""prescription_required"": true}",2026-05-20,https://codes.ohio.gov/ohio-revised-code/section-5739.02,2026-05-20
OH,medical.otc,Over-the-counter medications.,True,taxable,"{""note"": ""OH taxes OTC drugs unless dispensed by prescription (R.C. § 5739.02(B)(19)).""}",2026-05-20,https://codes.ohio.gov/ohio-revised-code/section-5739.02,2026-05-20
OH,medical.otc_drugs,,True,taxable,{},2024-01-01,,2026-05-18
OH,medical.prescription_drugs,,False,exempt,{},2024-01-01,,2026-05-18
OH,medical.rx,Prescription drugs (typically exempt nationwide).,False,exempt,{},2026-05-20,https://codes.ohio.gov/ohio-revised-code/section-5739.02,2026-05-20
OH,publications.books,,True,taxable,{},2024-01-01,,2026-05-18
OH,publications.magazines,,True,taxable,{},2024-01-01,,2026-05-18
OH,publications.newspapers,,False,exempt,{},2024-01-01,,2026-05-18
OH,publications.textbooks,"Required course and college textbooks, printed or digital, as distinct from general trade books. Many states exempt these only when sold by a school or to an enrolled student.",True,taxable,"{""note"": ""Taxable except during the back-to-school holiday (instructional materials <= $20/item).""}",2026-08-05,,2026-05-18
OH,services.ai_api,,True,taxable,{},2024-01-01,,2026-05-18
OH,services.data_processing,,True,taxable,{},2024-01-01,,2026-05-18
OH,services.personal_care,,True,taxable,{},2024-01-01,,2026-05-18
OH,services.professional,,False,exempt,{},2024-01-01,,2026-05-18
OH,services.repair,,True,taxable,{},2024-01-01,,2026-05-18
OH,services.web_hosting,,True,taxable,{},2024-01-01,,2026-05-18
OH,software.custom,,True,taxable,{},2024-01-01,,2026-05-18
OH,software.prewritten,,True,taxable,{},2024-01-01,,2026-05-18
OH,software.saas,,True,conditional,"{""note"": ""SaaS is taxed as automatic data processing or electronic information services only when bought for use in business (R.C. 5739.01(B)(3)(e); rule 5703-9-46); personal use is not taxed."", ""b2c_exempt"": true}",2024-01-01,https://codes.ohio.gov/ohio-administrative-code/rule-5703-9-46,2026-09-28
OK,clothing.accessories,"Handbags, belts, jewelry, watches.",True,taxable,{},2026-05-21,https://oklahoma.gov/tax/businesses/tax-types/business-sales-tax.html,2026-05-21
OK,clothing.athletic,Sports and performance apparel; team uniforms; non-protective athletic gear.,True,conditional,"{""tax_holiday"": {""scope"": ""full"", ""windows"": [{""end"": ""2026-08-09"", ""start"": ""2026-08-07""}], ""price_cap_cents"": 10000}}",2026-06-01,https://oklahoma.gov/tax/businesses/tax-incentives-and-holidays/sales-tax-holiday.html,2026-05-21
OK,clothing.formal,"Suits, gowns, ties, dress shirts not for everyday wear.",True,conditional,"{""tax_holiday"": {""scope"": ""full"", ""windows"": [{""end"": ""2026-08-09"", ""start"": ""2026-08-07""}], ""price_cap_cents"": 10000}}",2026-06-01,https://oklahoma.gov/tax/businesses/tax-incentives-and-holidays/sales-tax-holiday.html,2026-05-21
OK,clothing.general,"Everyday wearing apparel; t-shirts, jeans, dresses, jackets.",True,conditional,"{""tax_holiday"": {""scope"": ""full"", ""windows"": [{""end"": ""2026-08-09"", ""start"": ""2026-08-07""}], ""price_cap_cents"": 10000}}",2026-06-01,https://oklahoma.gov/tax/businesses/tax-incentives-and-holidays/sales-tax-holiday.html,2026-05-21
OK,clothing.protective,"Helmets, safety boots, protective work gear, hazard equipment.",True,taxable,"{""note"": ""Manufacturing safety equipment may qualify for the manufacturing exemption.""}",2026-05-21,https://oklahoma.gov/tax/businesses/tax-types/business-sales-tax.html,2026-05-21
OK,digital.download,"Permanent-license software, e-books, music downloads, games.",False,exempt,"{""note"": ""OK does not tax electronically delivered software or digital goods.""}",2026-05-21,https://oklahoma.gov/tax.html,2026-05-21
OK,digital.saas,"Subscription software accessed via the web; CRMs, productivity tools.",False,exempt,"{""note"": ""OK does not tax SaaS / electronically delivered software — not tangible personal property.""}",2026-05-21,https://oklahoma.gov/tax.html,2026-05-21
OK,digital.streaming,Streaming services; on-demand video/music with no permanent copy.,False,exempt,"{""note"": ""Streaming/digital goods not taxed in OK.""}",2026-05-21,https://oklahoma.gov/tax.html,2026-05-21
OK,digital_products.ebook,,False,exempt,{},2024-01-01,,2026-05-18
OK,digital_products.music,,False,exempt,{},2024-01-01,,2026-05-18
OK,digital_products.streaming,,False,exempt,{},2024-01-01,,2026-05-18
OK,digital_products.video,,False,exempt,{},2024-01-01,,2026-05-18
OK,food.bottled_water,"Plain, still, unsweetened, unflavored bottled drinking water (spring, mineral, distilled, or purified) sold in a sealed retail container. Excludes flavored, sweetened, or carbonated water, which is taxed as a soft drink under food.candy_soda.",False,exempt,"{""note"": ""State sales tax on food and food ingredients, including bottled water, was reduced to 0% effective 2024-08-29; municipal and county sales/use taxes still apply."", ""local_may_tax"": true}",2026-08-05,https://oklahoma.gov/tax/businesses/state-sales-tax-on-food-and-food-ingredients.html,2026-08-05
OK,food.candy,,True,conditional,"{""note"": ""Candy is food and food ingredients, exempt from the state tax from 2024-08-29 (HB 1955); local taxes apply."", ""state_exempt"": true, ""local_taxable"": true}",2024-01-01,https://oklahoma.gov/tax/businesses/state-sales-tax-on-food-and-food-ingredients.html,2026-09-28
OK,food.candy_soda,"Candy, soda, sweetened beverages (often taxed where groceries aren't).",True,conditional,"{""note"": ""Candy and soft drinks are SNAP-eligible and within the state grocery exemption; local taxes apply."", ""state_exempt"": true, ""local_taxable"": true}",2026-05-21,https://oklahoma.gov/tax/individuals/grocery-tax-exemption.html,2026-05-21
OK,food.dietary_supplements,,True,taxable,{},2024-01-01,,2026-05-18
OK,food.grocery,Unprepared groceries; staples; produce; meat; dairy.,True,conditional,"{""note"": ""OK eliminated the state sales tax on groceries effective Aug 2024 (HB 1955); local sales taxes still apply."", ""state_exempt"": true, ""local_taxable"": true}",2026-05-21,https://oklahoma.gov/tax/individuals/grocery-tax-exemption.html,2026-05-21
OK,food.prepared,"Restaurant meals, takeout, food sold for immediate consumption.",True,taxable,{},2026-05-21,https://oklahoma.gov/tax/individuals/grocery-tax-exemption.html,2026-05-21
OK,food.soft_drinks,,True,conditional,"{""note"": ""Soft drinks are food and food ingredients, exempt from the state tax from 2024-08-29 (HB 1955); local taxes apply."", ""state_exempt"": true, ""local_taxable"": true}",2024-01-01,https://oklahoma.gov/tax/businesses/state-sales-tax-on-food-and-food-ingredients.html,2026-09-28
OK,goods.electronics,,True,taxable,{},2024-01-01,,2026-05-18
OK,goods.furniture,,True,taxable,{},2024-01-01,,2026-05-18
OK,goods.general,,True,taxable,{},2024-01-01,,2026-05-18
OK,hygiene.diapers,"Infant/baby diapers and adult incontinence products (briefs, liners, underpads), cloth or disposable.",True,taxable,{},2026-08-05,,2026-05-18
OK,hygiene.menstrual,"Menstrual and feminine hygiene products: tampons, sanitary pads, pantyliners, menstrual cups, and period underwear.",True,taxable,{},2026-08-05,,2026-05-18
OK,medical.devices,,False,exempt,{},2024-01-01,,2026-05-18
OK,medical.equipment,"Wheelchairs, hearing aids, prosthetics, durable medical equipment.",True,conditional,"{""note"": ""DME and prosthetics exempt when prescribed (68 O.S. 1357)."", ""prescription_required"": true}",2026-05-21,https://oksenate.gov/sites/default/files/2019-12/os68.pdf,2026-05-21
OK,medical.otc,Over-the-counter medications.,True,taxable,"{""note"": ""OTC taxable unless dispensed by prescription.""}",2026-05-21,https://oksenate.gov/sites/default/files/2019-12/os68.pdf,2026-05-21
OK,medical.otc_drugs,,True,taxable,{},2024-01-01,,2026-05-18
OK,medical.prescription_drugs,,False,exempt,{},2024-01-01,,2026-05-18
OK,medical.rx,Prescription drugs (typically exempt nationwide).,False,exempt,{},2026-05-21,https://oksenate.gov/sites/default/files/2019-12/os68.pdf,2026-05-21
OK,publications.books,,True,taxable,{},2024-01-01,,2026-05-18
OK,publications.magazines,,True,taxable,{},2024-01-01,,2026-05-18
OK,publications.newspapers,,False,exempt,{},2024-01-01,,2026-05-18
OK,publications.textbooks,"Required course and college textbooks, printed or digital, as distinct from general trade books. Many states exempt these only when sold by a school or to an enrolled student.",True,conditional,"{""note"": ""Retail student purchase taxable; exempt only via a qualifying exempt educational institution."", ""exempt_if"": ""qualifying_exempt_institution""}",2026-08-05,https://www.law.cornell.edu,2026-08-05
OK,services.ai_api,,False,exempt,{},2024-01-01,,2026-05-18
OK,services.data_processing,,False,exempt,{},2024-01-01,,2026-05-18
OK,services.personal_care,,False,exempt,{},2024-01-01,,2026-05-18
OK,services.professional,,False,exempt,{},2024-01-01,,2026-05-18
OK,services.repair,,True,taxable,{},2024-01-01,,2026-05-18
OK,services.web_hosting,,False,exempt,{},2024-01-01,,2026-05-18
OK,software.custom,,False,exempt,{},2024-01-01,,2026-05-18
OK,software.prewritten,,True,taxable,{},2024-01-01,,2026-05-18
OK,software.saas,,False,exempt,{},2024-01-01,,2026-05-18
PA,clothing.accessories,"Handbags, belts, jewelry, watches.",True,taxable,"{""note"": ""Belts, handbags, jewelry, and watches are taxable — not within the apparel exemption.""}",2026-05-20,https://www.pacodeandbulletin.gov/Display/pacode?file=/secure/pacode/data/061/chapter53/chap53toc.html,2026-05-20
PA,clothing.athletic,Sports and performance apparel; team uniforms; non-protective athletic gear.,True,taxable,"{""note"": ""Athletic uniforms and sports-specific equipment are excluded from the apparel exemption (61 Pa. Code § 53.1).""}",2026-05-20,https://www.pacodeandbulletin.gov/Display/pacode?file=/secure/pacode/data/061/chapter53/chap53toc.html,2026-05-20
PA,clothing.formal,"Suits, gowns, ties, dress shirts not for everyday wear.",True,taxable,"{""note"": ""Formal day or evening wear (tuxedos, ball gowns) is excluded from the exemption per § 53.2.""}",2026-05-20,https://www.revenue.pa.gov/FormsandPublications/FormsforBusinesses/SUT/Documents/rev-717.pdf,2026-05-20
PA,clothing.general,"Everyday wearing apparel; t-shirts, jeans, dresses, jackets.",False,exempt,"{""note"": ""PA exempts most wearing apparel (61 Pa. Code § 53.2); formal wear, accessories, and athletic gear are carve-outs.""}",2026-05-20,https://www.pacodeandbulletin.gov/Display/pacode?file=/secure/pacode/data/061/chapter53/chap53toc.html,2026-05-20
PA,clothing.protective,"Helmets, safety boots, protective work gear, hazard equipment.",True,taxable,"{""note"": ""Protective gear (helmets, life jackets, work boots) is excluded from the apparel exemption — taxable.""}",2026-05-20,https://www.pacodeandbulletin.gov/Display/pacode?file=/secure/pacode/data/061/chapter53/chap53toc.html,2026-05-20
PA,digital.download,"Permanent-license software, e-books, music downloads, games.",True,taxable,"{""note"": ""Pre-written software (canned), e-books, music downloads, streaming all subject to PA sales tax.""}",2026-05-20,https://www.legis.state.pa.us/cfdocs/legis/LI/uconsCheck.cfm?txtType=HTM&yr=1971&sessInd=0&smthLwInd=0&act=2&chpt=2&sctn=4&subsctn=0,2026-05-20
PA,digital.saas,"Subscription software accessed via the web; CRMs, productivity tools.",True,taxable,"{""note"": ""PA taxes digital products and remotely-accessed canned software (61 Pa. Code § 60.20).""}",2026-05-20,https://www.legis.state.pa.us/cfdocs/legis/LI/uconsCheck.cfm?txtType=HTM&yr=1971&sessInd=0&smthLwInd=0&act=2&chpt=2&sctn=4&subsctn=0,2026-05-20
PA,digital.streaming,Streaming services; on-demand video/music with no permanent copy.,True,taxable,{},2026-05-20,https://www.legis.state.pa.us/cfdocs/legis/LI/uconsCheck.cfm?txtType=HTM&yr=1971&sessInd=0&smthLwInd=0&act=2&chpt=2&sctn=4&subsctn=0,2026-05-20
PA,digital_products.ebook,,True,taxable,{},2024-01-01,,2026-05-18
PA,digital_products.music,,True,taxable,{},2024-01-01,,2026-05-18
PA,digital_products.streaming,,True,taxable,{},2024-01-01,,2026-05-18
PA,digital_products.video,,True,taxable,{},2024-01-01,,2026-05-18
PA,food.bottled_water,"Plain, still, unsweetened, unflavored bottled drinking water (spring, mineral, distilled, or purified) sold in a sealed retail container. Excludes flavored, sweetened, or carbonated water, which is taxed as a soft drink under food.candy_soda.",False,exempt,"{""note"": ""Applies to plain, unflavored, non-carbonated water including non-flavored mineral water; flavored, sweetened, or vitamin water is a taxable soft drink.""}",2026-08-05,https://www.pacodeandbulletin.gov/Display/pacode?file=%2Fsecure%2Fpacode%2Fdata%2F061%2Fchapter60%2Fs60.7.html,2026-08-05
PA,food.candy,,False,exempt,"{""note"": ""Candy and gum sold by a food or nonfood retailer are exempt (61 Pa. Code 60.7); taxable when sold by an eating establishment or caterer.""}",2024-01-01,https://www.pacodeandbulletin.gov/Display/pacode?file=%2Fsecure%2Fpacode%2Fdata%2F061%2Fchapter60%2Fs60.7.html,2026-09-28
PA,food.candy_soda,"Candy, soda, sweetened beverages (often taxed where groceries aren't).",True,conditional,"{""note"": ""PA treats candy as food (exempt); soft drinks (including sweetened iced teas and carbonated beverages) are taxable per Reg § 32.1."", ""candy_exempt"": true, ""soft_drinks_taxable"": true}",2026-05-20,https://www.legis.state.pa.us/cfdocs/legis/LI/uconsCheck.cfm?txtType=HTM&yr=1971&sessInd=0&smthLwInd=0&act=2&chpt=2&sctn=4&subsctn=0,2026-05-20
PA,food.dietary_supplements,,False,exempt,{},2024-01-01,,2026-05-18
PA,food.grocery,Unprepared groceries; staples; produce; meat; dairy.,False,exempt,"{""note"": ""PA exempts food and food ingredients (72 P.S. § 7204(29)); prepared food and certain ready-to-eat items are taxable.""}",2026-05-20,https://www.legis.state.pa.us/cfdocs/legis/LI/uconsCheck.cfm?txtType=HTM&yr=1971&sessInd=0&smthLwInd=0&act=2&chpt=2&sctn=4&subsctn=0,2026-05-20
PA,food.prepared,"Restaurant meals, takeout, food sold for immediate consumption.",True,taxable,{},2026-05-20,https://www.legis.state.pa.us/cfdocs/legis/LI/uconsCheck.cfm?txtType=HTM&yr=1971&sessInd=0&smthLwInd=0&act=2&chpt=2&sctn=4&subsctn=0,2026-05-20
PA,food.soft_drinks,,True,taxable,"{""note"": ""Soft drinks are taxable selected food and beverage items whoever sells them (61 Pa. Code 60.7).""}",2024-01-01,https://www.pacodeandbulletin.gov/Display/pacode?file=%2Fsecure%2Fpacode%2Fdata%2F061%2Fchapter60%2Fs60.7.html,2026-09-28
PA,goods.electronics,,True,taxable,{},2024-01-01,,2026-05-18
PA,goods.furniture,,True,taxable,{},2024-01-01,,2026-05-18
PA,goods.general,,True,taxable,{},2024-01-01,,2026-05-18
PA,hygiene.diapers,"Infant/baby diapers and adult incontinence products (briefs, liners, underpads), cloth or disposable.",False,exempt,"{""basis"": ""wearing_apparel"", ""scope"": ""both""}",2026-08-05,https://www.revenue.pa.gov,2026-08-05
PA,hygiene.menstrual,"Menstrual and feminine hygiene products: tampons, sanitary pads, pantyliners, menstrual cups, and period underwear.",False,exempt,{},2026-08-05,https://www.pacodeandbulletin.gov,2026-08-05
PA,medical.devices,,False,exempt,{},2024-01-01,,2026-05-18
PA,medical.equipment,"Wheelchairs, hearing aids, prosthetics, durable medical equipment.",False,exempt,"{""note"": ""Crutches, wheelchairs, prosthetics, hearing aids exempt under § 7204(17) and (18).""}",2026-05-20,https://www.legis.state.pa.us/cfdocs/legis/LI/uconsCheck.cfm?txtType=HTM&yr=1971&sessInd=0&smthLwInd=0&act=2&chpt=2&sctn=4&subsctn=0,2026-05-20
PA,medical.otc,Over-the-counter medications.,False,exempt,"{""note"": ""PA exempts medicines, drugs, and medical supplies — including OTC — under 72 P.S. § 7204(17).""}",2026-05-20,https://www.legis.state.pa.us/cfdocs/legis/LI/uconsCheck.cfm?txtType=HTM&yr=1971&sessInd=0&smthLwInd=0&act=2&chpt=2&sctn=4&subsctn=0,2026-05-20
PA,medical.otc_drugs,,False,exempt,{},2024-01-01,,2026-05-18
PA,medical.prescription_drugs,,False,exempt,{},2024-01-01,,2026-05-18
PA,medical.rx,Prescription drugs (typically exempt nationwide).,False,exempt,{},2026-05-20,https://www.legis.state.pa.us/cfdocs/legis/LI/uconsCheck.cfm?txtType=HTM&yr=1971&sessInd=0&smthLwInd=0&act=2&chpt=2&sctn=4&subsctn=0,2026-05-20
PA,publications.books,,True,taxable,{},2024-01-01,,2026-05-18
PA,publications.magazines,,True,taxable,{},2024-01-01,,2026-05-18
PA,publications.newspapers,,False,exempt,{},2024-01-01,,2026-05-18
PA,publications.textbooks,"Required course and college textbooks, printed or digital, as distinct from general trade books. Many states exempt these only when sold by a school or to an enrolled student.",True,conditional,"{""note"": ""Exempt only when a required course textbook is sold by a recognized school/college (or authorized bookstore) to enrolled students/faculty."", ""exempt_if"": ""school_sold_to_enrolled""}",2026-08-05,https://www.pacodeandbulletin.gov,2026-08-05
PA,services.ai_api,,True,taxable,{},2024-01-01,,2026-05-18
PA,services.data_processing,,False,exempt,{},2024-01-01,,2026-05-18
PA,services.personal_care,,False,exempt,{},2024-01-01,,2026-05-18
PA,services.professional,,False,exempt,{},2024-01-01,,2026-05-18
PA,services.repair,,True,taxable,{},2024-01-01,,2026-05-18
PA,services.web_hosting,,True,taxable,{},2024-01-01,,2026-05-18
PA,software.custom,,False,exempt,{},2024-01-01,,2026-05-18
PA,software.prewritten,,True,taxable,{},2024-01-01,,2026-05-18
PA,software.saas,,True,taxable,{},2024-01-01,,2026-05-18
RI,clothing.accessories,"Handbags, belts, jewelry, watches.",True,taxable,"{""note"": ""Jewelry, handbags, and accessories excluded from the clothing exemption.""}",2026-05-21,https://webserver.rilegislature.gov/Statutes/TITLE44/44-18/44-18-30.htm,2026-05-21
RI,clothing.athletic,Sports and performance apparel; team uniforms; non-protective athletic gear.,False,conditional,"{""note"": ""Everyday athletic apparel under the $250 excess rule; sport-specific protective gear taxable."", ""cap_basis"": ""excess_over_cap"", ""price_cap_cents"": 25000}",2026-05-21,https://webserver.rilegislature.gov/Statutes/TITLE44/44-18/44-18-30.htm,2026-05-21
RI,clothing.formal,"Suits, gowns, ties, dress shirts not for everyday wear.",False,conditional,"{""note"": ""Formal wear follows the $250-per-item excess rule."", ""cap_basis"": ""excess_over_cap"", ""price_cap_cents"": 25000}",2026-05-21,https://webserver.rilegislature.gov/Statutes/TITLE44/44-18/44-18-30.htm,2026-05-21
RI,clothing.general,"Everyday wearing apparel; t-shirts, jeans, dresses, jackets.",False,conditional,"{""note"": ""RI exempts clothing/footwear; only the amount over $250 per item is taxable (R.I. Gen. Laws 44-18-30(27)). TaxLocus computes the tax on the per-item excess automatically — items at/under $250 are exempt."", ""cap_basis"": ""excess_over_cap"", ""excess_taxable"": true, ""price_cap_cents"": 25000}",2026-05-21,https://webserver.rilegislature.gov/Statutes/TITLE44/44-18/44-18-30.htm,2026-05-21
RI,clothing.protective,"Helmets, safety boots, protective work gear, hazard equipment.",True,taxable,"{""note"": ""Protective equipment excluded from the clothing exemption.""}",2026-05-21,https://webserver.rilegislature.gov/Statutes/TITLE44/44-18/44-18-30.htm,2026-05-21
RI,digital.download,"Permanent-license software, e-books, music downloads, games.",True,taxable,"{""note"": ""Specified digital products and prewritten software taxable.""}",2026-05-21,https://webserver.rilegislature.gov/Statutes/TITLE44/44-18/44-18-7.1.htm,2026-05-21
RI,digital.saas,"Subscription software accessed via the web; CRMs, productivity tools.",True,taxable,"{""note"": ""RI taxes vendor-hosted prewritten software / SaaS (R.I. Gen. Laws 44-18-7.1).""}",2026-05-21,https://webserver.rilegislature.gov/Statutes/TITLE44/44-18/44-18-7.1.htm,2026-05-21
RI,digital.streaming,Streaming services; on-demand video/music with no permanent copy.,True,taxable,"{""note"": ""Specified digital products including streaming taxable.""}",2026-05-21,https://webserver.rilegislature.gov/Statutes/TITLE44/44-18/44-18-7.1.htm,2026-05-21
RI,digital_products.ebook,,True,taxable,{},2024-01-01,,2026-05-18
RI,digital_products.music,,True,taxable,{},2024-01-01,,2026-05-18
RI,digital_products.streaming,,True,taxable,{},2024-01-01,,2026-05-18
RI,digital_products.video,,True,taxable,{},2024-01-01,,2026-05-18
RI,food.bottled_water,"Plain, still, unsweetened, unflavored bottled drinking water (spring, mineral, distilled, or purified) sold in a sealed retail container. Excludes flavored, sweetened, or carbonated water, which is taxed as a soft drink under food.candy_soda.",True,conditional,"{""note"": ""Chilled bottled water in containers of 24 oz or less is taxed like a ready-to-drink beverage under RI's local meals & beverage tax rules plus the 7% state rate; larger or unchilled containers can qualify as exempt food and food ingredients."", ""exempt_if"": ""container_over_24oz_or_not_chilled""}",2026-08-05,https://tax.ri.gov/misc/mbguidelines.php,2026-08-05
RI,food.candy,,True,taxable,{},2024-01-01,,2026-05-18
RI,food.candy_soda,"Candy, soda, sweetened beverages (often taxed where groceries aren't).",True,taxable,"{""note"": ""Candy and soft drinks excluded from the food exemption (taxable).""}",2026-05-21,https://tax.ri.gov/tax-sections/sales-excise/sales-use-tax,2026-05-21
RI,food.dietary_supplements,,True,taxable,{},2024-01-01,,2026-05-18
RI,food.grocery,Unprepared groceries; staples; produce; meat; dairy.,False,exempt,"{""note"": ""Food and food ingredients exempt; prepared food/meals taxable.""}",2026-05-21,https://tax.ri.gov/tax-sections/sales-excise/sales-use-tax,2026-05-21
RI,food.prepared,"Restaurant meals, takeout, food sold for immediate consumption.",True,taxable,{},2026-05-21,https://tax.ri.gov/tax-sections/sales-excise/sales-use-tax,2026-05-21
RI,food.soft_drinks,,True,taxable,{},2024-01-01,,2026-05-18
RI,goods.electronics,,True,taxable,{},2024-01-01,,2026-05-18
RI,goods.furniture,,True,taxable,{},2024-01-01,,2026-05-18
RI,goods.general,,True,taxable,{},2024-01-01,,2026-05-18
RI,hygiene.diapers,"Infant/baby diapers and adult incontinence products (briefs, liners, underpads), cloth or disposable.",False,exempt,"{""basis"": ""clothing"", ""scope"": ""both""}",2026-08-05,https://tax.ri.gov,2026-08-05
RI,hygiene.menstrual,"Menstrual and feminine hygiene products: tampons, sanitary pads, pantyliners, menstrual cups, and period underwear.",False,exempt,{},2026-08-05,https://webserver.rilegislature.gov,2026-08-05
RI,medical.devices,,False,exempt,{},2024-01-01,,2026-05-18
RI,medical.equipment,"Wheelchairs, hearing aids, prosthetics, durable medical equipment.",True,conditional,"{""note"": ""DME and prosthetics exempt when prescribed (R.I. Gen. Laws 44-18-30)."", ""prescription_required"": true}",2026-05-21,https://webserver.rilegislature.gov/Statutes/TITLE44/44-18/44-18-30.htm,2026-05-21
RI,medical.otc,Over-the-counter medications.,True,taxable,"{""note"": ""OTC taxable unless dispensed by prescription.""}",2026-05-21,https://webserver.rilegislature.gov/Statutes/TITLE44/44-18/44-18-30.htm,2026-05-21
RI,medical.otc_drugs,,True,taxable,{},2024-01-01,,2026-05-18
RI,medical.prescription_drugs,,False,exempt,{},2024-01-01,,2026-05-18
RI,medical.rx,Prescription drugs (typically exempt nationwide).,False,exempt,{},2026-05-21,https://webserver.rilegislature.gov/Statutes/TITLE44/44-18/44-18-30.htm,2026-05-21
RI,publications.books,,True,taxable,{},2024-01-01,,2026-05-18
RI,publications.magazines,,True,taxable,{},2024-01-01,,2026-05-18
RI,publications.newspapers,,False,exempt,{},2024-01-01,,2026-05-18
RI,publications.textbooks,"Required course and college textbooks, printed or digital, as distinct from general trade books. Many states exempt these only when sold by a school or to an enrolled student.",True,conditional,"{""note"": ""New textbooks exempt when sold by an educational institution to its students/faculty; all used textbooks exempt regardless of seller."", ""exempt_if"": ""institution_sold_new_or_any_used""}",2026-08-05,https://law.justia.com,2026-08-05
RI,services.ai_api,,True,taxable,{},2024-01-01,,2026-05-18
RI,services.data_processing,,False,exempt,{},2024-01-01,,2026-05-18
RI,services.personal_care,,False,exempt,{},2024-01-01,,2026-05-18
RI,services.professional,,False,exempt,{},2024-01-01,,2026-05-18
RI,services.repair,,True,taxable,{},2024-01-01,,2026-05-18
RI,services.web_hosting,,False,exempt,{},2024-01-01,,2026-05-18
RI,software.custom,,False,exempt,{},2024-01-01,,2026-05-18
RI,software.prewritten,,True,taxable,{},2024-01-01,,2026-05-18
RI,software.saas,,True,taxable,{},2024-01-01,,2026-05-18
SC,clothing.accessories,"Handbags, belts, jewelry, watches.",True,taxable,{},2026-05-21,https://dor.sc.gov/tax/sales,2026-05-21
SC,clothing.athletic,Sports and performance apparel; team uniforms; non-protective athletic gear.,True,conditional,"{""tax_holiday"": {""scope"": ""full"", ""windows"": [{""end"": ""2026-08-09"", ""start"": ""2026-08-07""}]}}",2026-05-21,https://dor.sc.gov/about/whats-new/tax-free-weekend,2026-05-21
SC,clothing.formal,"Suits, gowns, ties, dress shirts not for everyday wear.",True,conditional,"{""tax_holiday"": {""scope"": ""full"", ""windows"": [{""end"": ""2026-08-09"", ""start"": ""2026-08-07""}]}}",2026-05-21,https://dor.sc.gov/about/whats-new/tax-free-weekend,2026-05-21
SC,clothing.general,"Everyday wearing apparel; t-shirts, jeans, dresses, jackets.",True,conditional,"{""tax_holiday"": {""scope"": ""full"", ""windows"": [{""end"": ""2026-08-09"", ""start"": ""2026-08-07""}]}}",2026-05-21,https://dor.sc.gov/about/whats-new/tax-free-weekend,2026-05-21
SC,clothing.protective,"Helmets, safety boots, protective work gear, hazard equipment.",True,taxable,"{""note"": ""Manufacturing exemption may apply for industrial use.""}",2026-05-21,https://dor.sc.gov/tax/sales,2026-05-21
SC,digital.download,"Permanent-license software, e-books, music downloads, games.",False,needs_research,"{""note"": ""SC's treatment of electronically delivered software / digital goods (not on tangible media) vs taxable communications needs authoritative confirmation.""}",2026-05-21,https://dor.sc.gov/resources-site/lawandpolicy/Advisory%20Opinions/RR12-1.pdf,2026-05-21
SC,digital.saas,"Subscription software accessed via the web; CRMs, productivity tools.",True,taxable,"{""note"": ""SC taxes SaaS / database access as a communications service (Revenue Ruling 12-1).""}",2026-05-21,https://dor.sc.gov/resources-site/lawandpolicy/Advisory%20Opinions/RR12-1.pdf,2026-05-21
SC,digital.streaming,Streaming services; on-demand video/music with no permanent copy.,True,taxable,"{""note"": ""SC taxes streaming media as a communications service.""}",2026-05-21,https://dor.sc.gov/resources-site/lawandpolicy/Advisory%20Opinions/RR12-1.pdf,2026-05-21
SC,digital_products.ebook,,False,exempt,{},2024-01-01,,2026-05-18
SC,digital_products.music,,False,exempt,{},2024-01-01,,2026-05-18
SC,digital_products.streaming,,False,exempt,{},2024-01-01,,2026-05-18
SC,digital_products.video,,False,exempt,{},2024-01-01,,2026-05-18
SC,food.bottled_water,"Plain, still, unsweetened, unflavored bottled drinking water (spring, mineral, distilled, or purified) sold in a sealed retail container. Excludes flavored, sweetened, or carbonated water, which is taxed as a soft drink under food.candy_soda.",False,exempt,"{""note"": ""Exempt from STATE sales tax only, as SNAP-eligible unprepared food for home consumption; local option sales/use taxes still apply unless the county also exempts groceries; bottled water sold to a commercial buyer is taxed at the full state rate."", ""local_may_tax"": true}",2026-08-05,https://dor.sc.gov/sites/dor/files/Documents/Policy%20Manuals/Chapter%2021%20-%20Unprepared%20Food%20Exemption.pdf,2026-08-05
SC,food.candy,,True,conditional,"{""note"": ""Candy is SNAP-eligible unprepared food, exempt from the 6% state tax only (12-36-2120(75)); local taxes apply unless the local law exempts unprepared food, which varies."", ""state_exempt"": true, ""local_taxable"": true}",2024-01-01,https://dor.sc.gov/sales-use-tax-unprepared-food-amended-exemption,2026-09-28
SC,food.candy_soda,"Candy, soda, sweetened beverages (often taxed where groceries aren't).",True,conditional,"{""note"": ""Candy and soft drinks are SNAP-eligible and fall within SC's unprepared-food state exemption; local taxes may apply."", ""state_exempt"": true, ""local_taxable"": true}",2026-05-21,https://www.scstatehouse.gov/code/t12c036.php,2026-05-21
SC,food.dietary_supplements,,True,taxable,{},2024-01-01,,2026-05-18
SC,food.grocery,Unprepared groceries; staples; produce; meat; dairy.,True,conditional,"{""note"": ""Unprepared food exempt from the 6% state tax (SC Code 12-36-2120(75)); local option taxes may still apply."", ""state_exempt"": true, ""local_taxable"": true}",2026-05-21,https://www.scstatehouse.gov/code/t12c036.php,2026-05-21
SC,food.prepared,"Restaurant meals, takeout, food sold for immediate consumption.",True,taxable,{},2026-05-21,https://www.scstatehouse.gov/code/t12c036.php,2026-05-21
SC,food.soft_drinks,,True,conditional,"{""note"": ""Bottled soft drinks are SNAP-eligible unprepared food, exempt from the 6% state tax only (12-36-2120(75), IL 26-13); local taxes apply unless the local law exempts unprepared food, which varies."", ""state_exempt"": true, ""local_taxable"": true}",2024-01-01,https://dor.sc.gov/sales-use-tax-unprepared-food-amended-exemption,2026-09-28
SC,goods.electronics,,True,taxable,{},2024-01-01,,2026-05-18
SC,goods.furniture,,True,taxable,{},2024-01-01,,2026-05-18
SC,goods.general,,True,taxable,{},2024-01-01,,2026-05-18
SC,hygiene.diapers,"Infant/baby diapers and adult incontinence products (briefs, liners, underpads), cloth or disposable.",True,taxable,"{""note"": ""Groceries exempt but diapers excluded.""}",2026-08-05,,2026-05-18
SC,hygiene.menstrual,"Menstrual and feminine hygiene products: tampons, sanitary pads, pantyliners, menstrual cups, and period underwear.",False,exempt,{},2026-08-05,https://www.scstatehouse.gov,2026-08-05
SC,medical.devices,,False,exempt,{},2024-01-01,,2026-05-18
SC,medical.equipment,"Wheelchairs, hearing aids, prosthetics, durable medical equipment.",True,conditional,"{""note"": ""DME and prosthetics exempt when prescribed (SC Code 12-36-2120)."", ""prescription_required"": true}",2026-05-21,https://www.scstatehouse.gov/code/t12c036.php,2026-05-21
SC,medical.otc,Over-the-counter medications.,True,taxable,"{""note"": ""OTC taxable unless dispensed by prescription.""}",2026-05-21,https://www.scstatehouse.gov/code/t12c036.php,2026-05-21
SC,medical.otc_drugs,,True,taxable,{},2024-01-01,,2026-05-18
SC,medical.prescription_drugs,,False,exempt,{},2024-01-01,,2026-05-18
SC,medical.rx,Prescription drugs (typically exempt nationwide).,False,exempt,{},2026-05-21,https://www.scstatehouse.gov/code/t12c036.php,2026-05-21
SC,publications.books,,True,taxable,{},2024-01-01,,2026-05-18
SC,publications.magazines,,True,taxable,{},2024-01-01,,2026-05-18
SC,publications.newspapers,,False,exempt,{},2024-01-01,,2026-05-18
SC,publications.textbooks,"Required course and college textbooks, printed or digital, as distinct from general trade books. Many states exempt these only when sold by a school or to an enrolled student.",False,exempt,{},2026-08-05,https://dor.sc.gov,2026-08-05
SC,services.ai_api,,True,taxable,{},2024-01-01,,2026-05-18
SC,services.data_processing,,False,exempt,{},2024-01-01,,2026-05-18
SC,services.personal_care,,False,exempt,{},2024-01-01,,2026-05-18
SC,services.professional,,False,exempt,{},2024-01-01,,2026-05-18
SC,services.repair,,True,taxable,{},2024-01-01,,2026-05-18
SC,services.web_hosting,,False,exempt,{},2024-01-01,,2026-05-18
SC,software.custom,,False,exempt,{},2024-01-01,,2026-05-18
SC,software.prewritten,,True,taxable,{},2024-01-01,,2026-05-18
SC,software.saas,,True,taxable,{},2024-01-01,,2026-05-18
SD,clothing.accessories,"Handbags, belts, jewelry, watches.",True,taxable,{},2026-05-21,https://dor.sd.gov/businesses/taxes/sales-use-tax/,2026-05-21
SD,clothing.athletic,Sports and performance apparel; team uniforms; non-protective athletic gear.,True,taxable,{},2026-05-21,https://dor.sd.gov/businesses/taxes/sales-use-tax/,2026-05-21
SD,clothing.formal,"Suits, gowns, ties, dress shirts not for everyday wear.",True,taxable,{},2026-05-21,https://dor.sd.gov/businesses/taxes/sales-use-tax/,2026-05-21
SD,clothing.general,"Everyday wearing apparel; t-shirts, jeans, dresses, jackets.",True,taxable,{},2026-05-21,https://dor.sd.gov/businesses/taxes/sales-use-tax/,2026-05-21
SD,clothing.protective,"Helmets, safety boots, protective work gear, hazard equipment.",True,taxable,{},2026-05-21,https://dor.sd.gov/businesses/taxes/sales-use-tax/,2026-05-21
SD,digital.download,"Permanent-license software, e-books, music downloads, games.",True,taxable,"{""note"": ""Prewritten software and specified digital products taxable.""}",2026-05-21,https://dor.sd.gov/businesses/taxes/sales-use-tax/,2026-05-21
SD,digital.saas,"Subscription software accessed via the web; CRMs, productivity tools.",True,taxable,"{""note"": ""SD taxes services broadly, including SaaS.""}",2026-05-21,https://dor.sd.gov/businesses/taxes/sales-use-tax/,2026-05-21
SD,digital.streaming,Streaming services; on-demand video/music with no permanent copy.,True,taxable,"{""note"": ""Streaming services taxable under SD's broad base.""}",2026-05-21,https://dor.sd.gov/businesses/taxes/sales-use-tax/,2026-05-21
SD,digital_products.ebook,,True,taxable,{},2024-01-01,,2026-05-18
SD,digital_products.music,,True,taxable,{},2024-01-01,,2026-05-18
SD,digital_products.streaming,,True,taxable,{},2024-01-01,,2026-05-18
SD,digital_products.video,,True,taxable,{},2024-01-01,,2026-05-18
SD,food.bottled_water,"Plain, still, unsweetened, unflavored bottled drinking water (spring, mineral, distilled, or purified) sold in a sealed retail container. Excludes flavored, sweetened, or carbonated water, which is taxed as a soft drink under food.candy_soda.",True,taxable,"{""note"": ""No general grocery exemption; only SNAP/WIC purchases are exempt. Voters rejected a full grocery-tax repeal (Initiated Measure 28) in Nov. 2024.""}",2026-08-05,,2026-05-18
SD,food.candy,,True,taxable,{},2024-01-01,,2026-05-18
SD,food.candy_soda,"Candy, soda, sweetened beverages (often taxed where groceries aren't).",True,taxable,{},2026-05-21,https://dor.sd.gov/businesses/taxes/sales-use-tax/,2026-05-21
SD,food.dietary_supplements,,True,taxable,{},2024-01-01,,2026-05-18
SD,food.grocery,Unprepared groceries; staples; produce; meat; dairy.,True,taxable,"{""note"": ""South Dakota taxes groceries at the state rate — there is no food exemption (the IM 28 grocery exemption failed in Nov 2024).""}",2026-05-21,https://dor.sd.gov/businesses/taxes/sales-use-tax/,2026-05-21
SD,food.prepared,"Restaurant meals, takeout, food sold for immediate consumption.",True,taxable,{},2026-05-21,https://dor.sd.gov/businesses/taxes/sales-use-tax/,2026-05-21
SD,food.soft_drinks,,True,taxable,{},2024-01-01,,2026-05-18
SD,goods.electronics,,True,taxable,{},2024-01-01,,2026-05-18
SD,goods.furniture,,True,taxable,{},2024-01-01,,2026-05-18
SD,goods.general,,True,taxable,{},2024-01-01,,2026-05-18
SD,hygiene.diapers,"Infant/baby diapers and adult incontinence products (briefs, liners, underpads), cloth or disposable.",True,taxable,{},2026-08-05,,2026-05-18
SD,hygiene.menstrual,"Menstrual and feminine hygiene products: tampons, sanitary pads, pantyliners, menstrual cups, and period underwear.",True,taxable,{},2026-08-05,,2026-05-18
SD,medical.devices,,False,exempt,{},2024-01-01,,2026-05-18
SD,medical.equipment,"Wheelchairs, hearing aids, prosthetics, durable medical equipment.",True,conditional,"{""note"": ""DME and prosthetics exempt when prescribed (SDCL 10-45-14)."", ""prescription_required"": true}",2026-05-21,https://dor.sd.gov/businesses/taxes/sales-use-tax/,2026-05-21
SD,medical.otc,Over-the-counter medications.,True,taxable,"{""note"": ""OTC taxable unless dispensed by prescription.""}",2026-05-21,https://dor.sd.gov/businesses/taxes/sales-use-tax/,2026-05-21
SD,medical.otc_drugs,,True,taxable,{},2024-01-01,,2026-05-18
SD,medical.prescription_drugs,,False,exempt,{},2024-01-01,,2026-05-18
SD,medical.rx,Prescription drugs (typically exempt nationwide).,False,exempt,{},2026-05-21,https://dor.sd.gov/businesses/taxes/sales-use-tax/,2026-05-21
SD,publications.books,,True,taxable,{},2024-01-01,,2026-05-18
SD,publications.magazines,,True,taxable,{},2024-01-01,,2026-05-18
SD,publications.newspapers,,False,exempt,{},2024-01-01,,2026-05-18
SD,publications.textbooks,"Required course and college textbooks, printed or digital, as distinct from general trade books. Many states exempt these only when sold by a school or to an enrolled student.",True,taxable,{},2026-08-05,,2026-05-18
SD,services.ai_api,,True,taxable,{},2024-01-01,,2026-05-18
SD,services.data_processing,,True,taxable,{},2024-01-01,,2026-05-18
SD,services.personal_care,,True,taxable,{},2024-01-01,,2026-05-18
SD,services.professional,,True,taxable,{},2024-01-01,,2026-05-18
SD,services.repair,,True,taxable,{},2024-01-01,,2026-05-18
SD,services.web_hosting,,True,taxable,{},2024-01-01,,2026-05-18
SD,software.custom,,True,taxable,{},2024-01-01,,2026-05-18
SD,software.prewritten,,True,taxable,{},2024-01-01,,2026-05-18
SD,software.saas,,True,taxable,{},2024-01-01,,2026-05-18
TN,clothing.accessories,"Handbags, belts, jewelry, watches.",True,taxable,{},2026-05-21,https://www.tn.gov/revenue/taxes/sales-and-use-tax.html,2026-05-21
TN,clothing.athletic,Sports and performance apparel; team uniforms; non-protective athletic gear.,True,conditional,"{""tax_holiday"": {""scope"": ""full"", ""windows"": [{""end"": ""2026-08-02"", ""start"": ""2026-07-31""}], ""price_cap_cents"": 10000}}",2026-05-21,https://www.tn.gov/revenue/taxes/sales-and-use-tax/sales-tax-holiday.html,2026-05-22
TN,clothing.formal,"Suits, gowns, ties, dress shirts not for everyday wear.",True,conditional,"{""tax_holiday"": {""scope"": ""full"", ""windows"": [{""end"": ""2026-08-02"", ""start"": ""2026-07-31""}], ""price_cap_cents"": 10000}}",2026-05-21,https://www.tn.gov/revenue/taxes/sales-and-use-tax/sales-tax-holiday.html,2026-05-22
TN,clothing.general,"Everyday wearing apparel; t-shirts, jeans, dresses, jackets.",True,conditional,"{""tax_holiday"": {""scope"": ""full"", ""windows"": [{""end"": ""2026-08-02"", ""start"": ""2026-07-31""}], ""price_cap_cents"": 10000}}",2026-05-21,https://www.tn.gov/revenue/taxes/sales-and-use-tax/sales-tax-holiday.html,2026-05-22
TN,clothing.protective,"Helmets, safety boots, protective work gear, hazard equipment.",True,taxable,"{""note"": ""Industrial machinery/PPE may qualify for the manufacturing exemption.""}",2026-05-21,https://www.tn.gov/revenue/taxes/sales-and-use-tax.html,2026-05-21
TN,digital.download,"Permanent-license software, e-books, music downloads, games.",True,taxable,"{""note"": ""Specified digital products taxable (§67-6-233).""}",2026-05-21,https://law.justia.com/codes/tennessee/title-67/chapter-6/part-2/section-67-6-233/,2026-05-21
TN,digital.saas,"Subscription software accessed via the web; CRMs, productivity tools.",True,taxable,"{""note"": ""TN taxes remotely accessed software / SaaS (Tenn. Code §67-6-231; Notice 15-14).""}",2026-05-21,https://www.tn.gov/content/dam/tn/revenue/documents/notices/sales/sales15-14.pdf,2026-05-21
TN,digital.streaming,Streaming services; on-demand video/music with no permanent copy.,True,taxable,"{""note"": ""Streamed digital audio/audiovisual works taxable as specified digital products.""}",2026-05-21,https://law.justia.com/codes/tennessee/title-67/chapter-6/part-2/section-67-6-233/,2026-05-21
TN,digital_products.ebook,,True,taxable,{},2024-01-01,,2026-05-18
TN,digital_products.music,,True,taxable,{},2024-01-01,,2026-05-18
TN,digital_products.streaming,,True,taxable,{},2024-01-01,,2026-05-18
TN,digital_products.video,,True,taxable,{},2024-01-01,,2026-05-18
TN,food.bottled_water,"Plain, still, unsweetened, unflavored bottled drinking water (spring, mineral, distilled, or purified) sold in a sealed retail container. Excludes flavored, sweetened, or carbonated water, which is taxed as a soft drink under food.candy_soda.",True,reduced_rate,"{""note"": ""Bottled water is listed as an example of food and food ingredients taxed at the reduced 4% state rate instead of the general 7% rate; local tax still applies on top."", ""local_may_tax"": true}",2026-08-05,https://revenue.support.tn.gov/hc/en-us/articles/360058680751--SUT-53-Food-and-Food-Ingredients-Definition-and-Tax-Rate,2026-08-05
TN,food.candy,,True,taxable,{},2024-01-01,,2026-05-18
TN,food.candy_soda,"Candy, soda, sweetened beverages (often taxed where groceries aren't).",True,taxable,"{""note"": ""Candy, dietary supplements, and prepared food taxed at the full rate, not the 4% food rate.""}",2026-05-21,https://law.justia.com/codes/tennessee/title-67/chapter-6/part-2/section-67-6-228/,2026-05-21
TN,food.dietary_supplements,,True,taxable,{},2024-01-01,,2026-05-18
TN,food.grocery,Unprepared groceries; staples; produce; meat; dairy.,True,reduced_rate,"{""note"": ""Food and food ingredients at the reduced 4% state rate (vs 7% general) plus local (§67-6-228)."", ""reduced_rate"": 0.04}",2026-05-21,https://law.justia.com/codes/tennessee/title-67/chapter-6/part-2/section-67-6-228/,2026-05-21
TN,food.prepared,"Restaurant meals, takeout, food sold for immediate consumption.",True,taxable,"{""note"": ""Prepared food taxed at the full 7% state rate.""}",2026-05-21,https://law.justia.com/codes/tennessee/title-67/chapter-6/part-2/section-67-6-228/,2026-05-21
TN,food.soft_drinks,,True,taxable,{},2024-01-01,,2026-05-18
TN,goods.electronics,,True,taxable,{},2024-01-01,,2026-05-18
TN,goods.furniture,,True,taxable,{},2024-01-01,,2026-05-18
TN,goods.general,,True,taxable,{},2024-01-01,,2026-05-18
TN,hygiene.diapers,"Infant/baby diapers and adult incontinence products (briefs, liners, underpads), cloth or disposable.",True,taxable,"{""note"": ""Full 7% rate; relief only via tax-free weekend.""}",2026-08-05,,2026-05-18
TN,hygiene.menstrual,"Menstrual and feminine hygiene products: tampons, sanitary pads, pantyliners, menstrual cups, and period underwear.",True,taxable,"{""note"": ""2026 bill pending, not effective.""}",2026-08-05,,2026-05-18
TN,medical.devices,,False,exempt,{},2024-01-01,,2026-05-18
TN,medical.equipment,"Wheelchairs, hearing aids, prosthetics, durable medical equipment.",True,conditional,"{""note"": ""Prosthetics, mobility-enhancing equipment, and DME exempt when prescribed (§67-6-314)."", ""prescription_required"": true}",2026-05-21,https://law.justia.com/codes/tennessee/title-67/chapter-6/part-3/section-67-6-314/,2026-05-21
TN,medical.otc,Over-the-counter medications.,True,taxable,"{""note"": ""OTC taxable unless dispensed by prescription.""}",2026-05-21,https://law.justia.com/codes/tennessee/title-67/chapter-6/part-3/section-67-6-314/,2026-05-21
TN,medical.otc_drugs,,True,taxable,{},2024-01-01,,2026-05-18
TN,medical.prescription_drugs,,False,exempt,{},2024-01-01,,2026-05-18
TN,medical.rx,Prescription drugs (typically exempt nationwide).,False,exempt,{},2026-05-21,https://law.justia.com/codes/tennessee/title-67/chapter-6/part-3/section-67-6-314/,2026-05-21
TN,publications.books,,True,taxable,{},2024-01-01,,2026-05-18
TN,publications.magazines,,True,taxable,{},2024-01-01,,2026-05-18
TN,publications.newspapers,,False,exempt,{},2024-01-01,,2026-05-18
TN,publications.textbooks,"Required course and college textbooks, printed or digital, as distinct from general trade books. Many states exempt these only when sold by a school or to an enrolled student.",False,exempt,{},2026-08-05,https://revenue.support.tn.gov,2026-08-05
TN,services.ai_api,,True,taxable,{},2024-01-01,,2026-05-18
TN,services.data_processing,,False,exempt,{},2024-01-01,,2026-05-18
TN,services.personal_care,,False,exempt,{},2024-01-01,,2026-05-18
TN,services.professional,,False,exempt,{},2024-01-01,,2026-05-18
TN,services.repair,,True,taxable,{},2024-01-01,,2026-05-18
TN,services.web_hosting,,False,exempt,{},2024-01-01,,2026-05-18
TN,software.custom,,True,taxable,{},2024-01-01,,2026-05-18
TN,software.prewritten,,True,taxable,{},2024-01-01,,2026-05-18
TN,software.saas,,True,taxable,{},2024-01-01,,2026-05-18
TX,clothing.accessories,"Handbags, belts, jewelry, watches.",True,taxable,{},2026-05-20,https://comptroller.texas.gov/taxes/publications/96-122.php,2026-05-20
TX,clothing.athletic,Sports and performance apparel; team uniforms; non-protective athletic gear.,True,conditional,"{""tax_holiday"": {""scope"": ""full"", ""windows"": [{""end"": ""2026-08-09"", ""start"": ""2026-08-07""}], ""price_cap_cents"": 10000}}",2026-05-21,https://comptroller.texas.gov/taxes/publications/98-490.php,2026-05-21
TX,clothing.formal,"Suits, gowns, ties, dress shirts not for everyday wear.",True,conditional,"{""tax_holiday"": {""scope"": ""full"", ""windows"": [{""end"": ""2026-08-09"", ""start"": ""2026-08-07""}], ""price_cap_cents"": 10000}}",2026-05-21,https://comptroller.texas.gov/taxes/publications/98-490.php,2026-05-21
TX,clothing.general,"Everyday wearing apparel; t-shirts, jeans, dresses, jackets.",True,conditional,"{""tax_holiday"": {""scope"": ""full"", ""windows"": [{""end"": ""2026-08-09"", ""start"": ""2026-08-07""}], ""price_cap_cents"": 10000}}",2026-05-21,https://comptroller.texas.gov/taxes/publications/98-490.php,2026-05-21
TX,clothing.protective,"Helmets, safety boots, protective work gear, hazard equipment.",True,conditional,"{""note"": ""Industrial protective gear purchased by an employer for employees performing manufacturing or oil/gas work may be exempt under Rule 3.300."", ""business_use_exempt"": true}",2026-05-20,https://comptroller.texas.gov/taxes/publications/96-122.php,2026-05-20
TX,digital.download,"Permanent-license software, e-books, music downloads, games.",True,taxable,"{""note"": ""TX taxes electronically-delivered software and other digital products at the full sales tax rate.""}",2026-05-20,https://comptroller.texas.gov/taxes/publications/94-124.php,2026-05-20
TX,digital.saas,"Subscription software accessed via the web; CRMs, productivity tools.",True,conditional,"{""note"": ""TX taxes SaaS as data processing — Rule 3.330 allows a 20% exemption on the cost so 80% of the receipts are subject to sales tax."", ""data_processing_rate"": 0.8, ""data_processing_exempt_share"": 0.2}",2026-05-20,https://comptroller.texas.gov/taxes/publications/94-127.php,2026-05-20
TX,digital.streaming,Streaming services; on-demand video/music with no permanent copy.,True,taxable,"{""note"": ""TX classifies streaming as an amusement service (Rule 3.298) or telecom service — taxable.""}",2026-05-20,https://comptroller.texas.gov/taxes/publications/94-124.php,2026-05-20
TX,digital_products.ebook,,True,taxable,{},2024-01-01,,2026-05-18
TX,digital_products.music,,True,taxable,{},2024-01-01,,2026-05-18
TX,digital_products.streaming,,True,taxable,{},2024-01-01,,2026-05-18
TX,digital_products.video,,True,taxable,{},2024-01-01,,2026-05-18
TX,food.bottled_water,"Plain, still, unsweetened, unflavored bottled drinking water (spring, mineral, distilled, or purified) sold in a sealed retail container. Excludes flavored, sweetened, or carbonated water, which is taxed as a soft drink under food.candy_soda.",False,exempt,"{""note"": ""Applies to plain/spring/mineral/sparkling (non-flavored) water sold by any seller incl. restaurants; flavored water is taxed as a soft drink; no exemption certificate required.""}",2026-08-05,https://comptroller.texas.gov/taxes/publications/96-280.php,2026-08-05
TX,food.candy,,True,taxable,{},2024-01-01,,2026-05-18
TX,food.candy_soda,"Candy, soda, sweetened beverages (often taxed where groceries aren't).",True,taxable,"{""note"": ""Texas removes candy and soft drinks from the grocery exemption — they are taxable.""}",2026-05-20,https://comptroller.texas.gov/taxes/publications/96-280.php,2026-05-20
TX,food.dietary_supplements,,False,exempt,{},2024-01-01,,2026-05-18
TX,food.grocery,Unprepared groceries; staples; produce; meat; dairy.,False,exempt,"{""note"": ""Texas exempts grocery food (Tax Code § 151.314); soft drinks and candy are excepted (see food.candy_soda).""}",2026-05-20,https://comptroller.texas.gov/taxes/publications/96-280.php,2026-05-20
TX,food.prepared,"Restaurant meals, takeout, food sold for immediate consumption.",True,taxable,{},2026-05-20,https://comptroller.texas.gov/taxes/publications/96-280.php,2026-05-20
TX,food.soft_drinks,,True,taxable,{},2024-01-01,,2026-05-18
TX,goods.electronics,,True,taxable,{},2024-01-01,,2026-05-18
TX,goods.furniture,,True,taxable,{},2024-01-01,,2026-05-18
TX,goods.general,,True,taxable,{},2024-01-01,,2026-05-18
TX,hygiene.diapers,"Infant/baby diapers and adult incontinence products (briefs, liners, underpads), cloth or disposable.",False,exempt,"{""scope"": ""both""}",2026-08-05,https://comptroller.texas.gov,2026-08-05
TX,hygiene.menstrual,"Menstrual and feminine hygiene products: tampons, sanitary pads, pantyliners, menstrual cups, and period underwear.",False,exempt,{},2026-08-05,https://capitol.texas.gov,2026-08-05
TX,medical.devices,,False,exempt,{},2024-01-01,,2026-05-18
TX,medical.equipment,"Wheelchairs, hearing aids, prosthetics, durable medical equipment.",False,exempt,"{""note"": ""Wheelchairs, hearing aids, prosthetics, and DME exempt when sold to or for use by a specific patient (§ 151.313)."", ""prescription_required"": true}",2026-05-20,https://comptroller.texas.gov/taxes/publications/96-122.php,2026-05-20
TX,medical.otc,Over-the-counter medications.,True,conditional,"{""note"": ""TX exempts OTC drugs that bear a Drug Facts label per FDA labeling (§ 151.313); other OTC items remain taxable."", ""otc_with_drug_facts_label_exempt"": true}",2026-05-20,https://comptroller.texas.gov/taxes/publications/96-122.php,2026-05-20
TX,medical.otc_drugs,,False,exempt,{},2024-01-01,,2026-05-18
TX,medical.prescription_drugs,,False,exempt,{},2024-01-01,,2026-05-18
TX,medical.rx,Prescription drugs (typically exempt nationwide).,False,exempt,{},2026-05-20,https://comptroller.texas.gov/taxes/publications/96-122.php,2026-05-20
TX,publications.books,,True,taxable,{},2024-01-01,,2026-05-18
TX,publications.magazines,,True,taxable,{},2024-01-01,,2026-05-18
TX,publications.newspapers,,False,exempt,{},2024-01-01,,2026-05-18
TX,publications.textbooks,"Required course and college textbooks, printed or digital, as distinct from general trade books. Many states exempt these only when sold by a school or to an enrolled student.",True,taxable,"{""note"": ""Print and digital taxable; expressly excluded from the sales-tax holiday.""}",2026-08-05,,2026-05-18
TX,services.ai_api,,True,taxable,{},2024-01-01,,2026-05-18
TX,services.data_processing,,True,taxable,{},2024-01-01,,2026-05-18
TX,services.personal_care,,True,taxable,{},2024-01-01,,2026-05-18
TX,services.professional,,False,exempt,{},2024-01-01,,2026-05-18
TX,services.repair,,True,taxable,{},2024-01-01,,2026-05-18
TX,services.web_hosting,,True,taxable,{},2024-01-01,,2026-05-18
TX,software.custom,,False,exempt,{},2024-01-01,,2026-05-18
TX,software.prewritten,,True,taxable,{},2024-01-01,,2026-05-18
TX,software.saas,,True,conditional,"{""note"": ""SaaS is a data processing service; 20% of the charge is exempt, so tax applies to 80% (Tax Code 151.351; Pub 96-259)."", ""taxable_fraction"": 0.8}",2024-01-01,https://comptroller.texas.gov/taxes/publications/96-259.php,2026-09-28
UT,clothing.accessories,"Handbags, belts, jewelry, watches.",True,taxable,{},2026-05-21,https://tax.utah.gov/sales,2026-05-21
UT,clothing.athletic,Sports and performance apparel; team uniforms; non-protective athletic gear.,True,taxable,{},2026-05-21,https://tax.utah.gov/sales,2026-05-21
UT,clothing.formal,"Suits, gowns, ties, dress shirts not for everyday wear.",True,taxable,{},2026-05-21,https://tax.utah.gov/sales,2026-05-21
UT,clothing.general,"Everyday wearing apparel; t-shirts, jeans, dresses, jackets.",True,taxable,{},2026-05-21,https://tax.utah.gov/sales,2026-05-21
UT,clothing.protective,"Helmets, safety boots, protective work gear, hazard equipment.",True,conditional,"{""note"": ""Manufacturing safety equipment may qualify for the manufacturing exemption; consumer PPE taxable."", ""business_use_exempt"": true}",2026-05-21,https://tax.utah.gov/sales,2026-05-21
UT,digital.download,"Permanent-license software, e-books, music downloads, games.",True,taxable,"{""note"": ""Prewritten software downloads and products transferred electronically taxable (Utah Code 59-12-103).""}",2026-05-21,https://le.utah.gov/xcode/Title59/Chapter12/59-12-S103.html,2026-05-21
UT,digital.saas,"Subscription software accessed via the web; CRMs, productivity tools.",False,exempt,"{""note"": ""UT does not tax remotely accessed software / SaaS.""}",2026-05-21,https://le.utah.gov/xcode/Title59/Chapter12/59-12-S103.html,2026-05-21
UT,digital.streaming,Streaming services; on-demand video/music with no permanent copy.,True,taxable,"{""note"": ""Audio/audiovisual products transferred electronically taxable.""}",2026-05-21,https://le.utah.gov/xcode/Title59/Chapter12/59-12-S103.html,2026-05-21
UT,digital_products.ebook,,True,taxable,{},2024-01-01,,2026-05-18
UT,digital_products.music,,True,taxable,{},2024-01-01,,2026-05-18
UT,digital_products.streaming,,True,taxable,{},2024-01-01,,2026-05-18
UT,digital_products.video,,True,taxable,{},2024-01-01,,2026-05-18
UT,food.bottled_water,"Plain, still, unsweetened, unflavored bottled drinking water (spring, mineral, distilled, or purified) sold in a sealed retail container. Excludes flavored, sweetened, or carbonated water, which is taxed as a soft drink under food.candy_soda.",True,reduced_rate,"{""note"": ""Uniform statewide 3% rate (1.75% state + 1% local option + 0.25% county option) applies to grocery food including bottled water, regardless of the local general sales tax rate.""}",2026-08-05,https://tax.utah.gov/business/sales-tax/other-sales-tax/food-rate/,2026-08-05
UT,food.candy,,True,taxable,{},2024-01-01,,2026-05-18
UT,food.candy_soda,"Candy, soda, sweetened beverages (often taxed where groceries aren't).",True,taxable,"{""note"": ""Candy, soft drinks, and prepared food excluded from the 3% grocery rate (full rate).""}",2026-05-21,https://le.utah.gov/xcode/Title59/Chapter12/59-12-S103.html,2026-05-21
UT,food.dietary_supplements,,True,taxable,{},2024-01-01,,2026-05-18
UT,food.grocery,Unprepared groceries; staples; produce; meat; dairy.,True,reduced_rate,"{""note"": ""Grocery food at the 3% combined rate (1.75% state + 1.25% local) per Utah Code 59-12-103."", ""reduced_rate"": 0.03}",2026-05-21,https://le.utah.gov/xcode/Title59/Chapter12/59-12-S103.html,2026-05-21
UT,food.prepared,"Restaurant meals, takeout, food sold for immediate consumption.",True,taxable,"{""note"": ""Prepared food taxed at the full combined rate.""}",2026-05-21,https://le.utah.gov/xcode/Title59/Chapter12/59-12-S103.html,2026-05-21
UT,food.soft_drinks,,True,taxable,{},2024-01-01,,2026-05-18
UT,goods.electronics,,True,taxable,{},2024-01-01,,2026-05-18
UT,goods.furniture,,True,taxable,{},2024-01-01,,2026-05-18
UT,goods.general,,True,taxable,{},2024-01-01,,2026-05-18
UT,hygiene.diapers,"Infant/baby diapers and adult incontinence products (briefs, liners, underpads), cloth or disposable.",True,taxable,"{""note"": ""Reduced grocery rate does not apply to diapers.""}",2026-08-05,,2026-05-18
UT,hygiene.menstrual,"Menstrual and feminine hygiene products: tampons, sanitary pads, pantyliners, menstrual cups, and period underwear.",True,taxable,{},2026-08-05,,2026-05-18
UT,medical.devices,,False,exempt,{},2024-01-01,,2026-05-18
UT,medical.equipment,"Wheelchairs, hearing aids, prosthetics, durable medical equipment.",True,conditional,"{""note"": ""DME and prosthetics exempt when prescribed (Utah Code 59-12-104)."", ""prescription_required"": true}",2026-05-21,https://le.utah.gov/xcode/Title59/Chapter12/59-12-S104.html,2026-05-21
UT,medical.otc,Over-the-counter medications.,True,taxable,"{""note"": ""OTC taxable unless dispensed by prescription.""}",2026-05-21,https://le.utah.gov/xcode/Title59/Chapter12/59-12-S104.html,2026-05-21
UT,medical.otc_drugs,,True,taxable,{},2024-01-01,,2026-05-18
UT,medical.prescription_drugs,,False,exempt,{},2024-01-01,,2026-05-18
UT,medical.rx,Prescription drugs (typically exempt nationwide).,False,exempt,{},2026-05-21,https://le.utah.gov/xcode/Title59/Chapter12/59-12-S104.html,2026-05-21
UT,publications.books,,True,taxable,{},2024-01-01,,2026-05-18
UT,publications.magazines,,True,taxable,{},2024-01-01,,2026-05-18
UT,publications.newspapers,,False,exempt,{},2024-01-01,,2026-05-18
UT,publications.textbooks,"Required course and college textbooks, printed or digital, as distinct from general trade books. Many states exempt these only when sold by a school or to an enrolled student.",True,conditional,"{""note"": ""Higher-ed course text sold to an admitted student, exempt only when the seller is a campus bookstore or a >=51% textbook seller."", ""exempt_if"": ""campus_bookstore_or_majority_textbook_seller""}",2026-08-05,https://le.utah.gov,2026-08-05
UT,services.ai_api,,True,taxable,{},2024-01-01,,2026-05-18
UT,services.data_processing,,False,exempt,{},2024-01-01,,2026-05-18
UT,services.personal_care,,False,exempt,{},2024-01-01,,2026-05-18
UT,services.professional,,False,exempt,{},2024-01-01,,2026-05-18
UT,services.repair,,True,taxable,{},2024-01-01,,2026-05-18
UT,services.web_hosting,,False,exempt,{},2024-01-01,,2026-05-18
UT,software.custom,,False,exempt,{},2024-01-01,,2026-05-18
UT,software.prewritten,,True,taxable,{},2024-01-01,,2026-05-18
UT,software.saas,,True,taxable,"{""note"": ""Remotely accessed prewritten software (SaaS) used in Utah is taxable (Pub 64); codified as seller-hosted prewritten computer software from 2026-07-01 (SB 162). Remotely accessed custom software is not taxable.""}",2024-01-01,https://files.tax.utah.gov/tax/forms/pubs/pub-64.pdf,2026-09-28
VA,clothing.accessories,"Handbags, belts, jewelry, watches.",True,taxable,{},2026-05-21,https://www.tax.virginia.gov/retail-sales-and-use-tax,2026-05-21
VA,clothing.athletic,Sports and performance apparel; team uniforms; non-protective athletic gear.,True,conditional,"{""tax_holiday"": {""scope"": ""full"", ""windows"": [{""end"": ""2026-08-09"", ""start"": ""2026-08-07""}], ""price_cap_cents"": 10000}}",2026-05-21,https://www.tax.virginia.gov/virginia-sales-tax-holiday,2026-05-21
VA,clothing.formal,"Suits, gowns, ties, dress shirts not for everyday wear.",True,conditional,"{""tax_holiday"": {""scope"": ""full"", ""windows"": [{""end"": ""2026-08-09"", ""start"": ""2026-08-07""}], ""price_cap_cents"": 10000}}",2026-05-21,https://www.tax.virginia.gov/virginia-sales-tax-holiday,2026-05-21
VA,clothing.general,"Everyday wearing apparel; t-shirts, jeans, dresses, jackets.",True,conditional,"{""tax_holiday"": {""scope"": ""full"", ""windows"": [{""end"": ""2026-08-09"", ""start"": ""2026-08-07""}], ""price_cap_cents"": 10000}}",2026-05-21,https://www.tax.virginia.gov/virginia-sales-tax-holiday,2026-05-21
VA,clothing.protective,"Helmets, safety boots, protective work gear, hazard equipment.",True,taxable,"{""note"": ""Industrial PPE may qualify under the manufacturing exemption (§58.1-609.3).""}",2026-05-21,https://www.tax.virginia.gov/retail-sales-and-use-tax,2026-05-21
VA,digital.download,"Permanent-license software, e-books, music downloads, games.",False,exempt,"{""note"": ""Electronically delivered software/digital products exempt — VA taxes only tangible media (§58.1-609.5; 23VAC10-210-4040).""}",2026-05-21,https://law.lis.virginia.gov/vacode/title58.1/chapter6/section58.1-609.5/,2026-05-21
VA,digital.saas,"Subscription software accessed via the web; CRMs, productivity tools.",False,exempt,"{""note"": ""VA does not tax SaaS — services and electronically delivered software are not taxable (no tangible medium).""}",2026-05-21,https://www.tax.virginia.gov/laws-rules-decisions/rulings-tax-commissioner,2026-05-21
VA,digital.streaming,Streaming services; on-demand video/music with no permanent copy.,False,exempt,"{""note"": ""Streaming services not taxable in VA.""}",2026-05-21,https://www.tax.virginia.gov/laws-rules-decisions/rulings-tax-commissioner,2026-05-21
VA,digital_products.ebook,,False,exempt,{},2024-01-01,,2026-05-18
VA,digital_products.music,,False,exempt,{},2024-01-01,,2026-05-18
VA,digital_products.streaming,,False,exempt,{},2024-01-01,,2026-05-18
VA,digital_products.video,,False,exempt,{},2024-01-01,,2026-05-18
VA,food.bottled_water,"Plain, still, unsweetened, unflavored bottled drinking water (spring, mineral, distilled, or purified) sold in a sealed retail container. Excludes flavored, sweetened, or carbonated water, which is taxed as a soft drink under food.candy_soda.",True,reduced_rate,"{""note"": ""Container size is not a factor per Tax Commissioner Ruling 06-98 (bottled water sold by the case or via water-cooler delivery both qualify); reduced to a 1% local-option-only rate since the 1.5% state portion was eliminated 2023-01-01.""}",2026-08-05,https://law.lis.virginia.gov/vacode/title58.1/chapter6/section58.1-611.1/,2026-08-05
VA,food.candy,,True,reduced_rate,"{""note"": ""Candy is food for human consumption (SNAP definition), taxed only at the uniform 1% local rate (58.1-611.1)."", ""reduced_rate"": 0.01}",2024-01-01,https://law.lis.virginia.gov/vacode/title58.1/chapter6/section58.1-611.1/,2026-09-28
VA,food.candy_soda,"Candy, soda, sweetened beverages (often taxed where groceries aren't).",True,reduced_rate,"{""note"": ""VA's reduced food rate uses the federal food-stamp definition, which includes candy and soft drinks (§58.1-611.1)."", ""reduced_rate"": 0.01}",2026-05-21,https://law.lis.virginia.gov/vacode/title58.1/chapter6/section58.1-611.1/,2026-05-21
VA,food.dietary_supplements,,True,taxable,{},2024-01-01,,2026-05-18
VA,food.grocery,Unprepared groceries; staples; produce; meat; dairy.,True,reduced_rate,"{""note"": ""Food for home consumption + essential personal hygiene at the 1% local rate; the state portion was eliminated in 2023 (§58.1-611.1)."", ""reduced_rate"": 0.01}",2026-05-21,https://law.lis.virginia.gov/vacode/title58.1/chapter6/section58.1-611.1/,2026-05-21
VA,food.prepared,"Restaurant meals, takeout, food sold for immediate consumption.",True,taxable,"{""note"": ""Prepared/restaurant food at the full combined rate.""}",2026-05-21,https://www.tax.virginia.gov/retail-sales-and-use-tax,2026-05-21
VA,food.soft_drinks,,True,reduced_rate,"{""note"": ""Soft drinks are food for human consumption under the SNAP definition, taxed only at the 1% local rate (58.1-611.1). A USDA waiver excludes sweetened beverages from Virginia SNAP from about 2026-10-01; Virginia Tax has not said whether that moves them to the full rate. Re-check."", ""reduced_rate"": 0.01}",2024-01-01,https://law.lis.virginia.gov/vacode/title58.1/chapter6/section58.1-611.1/,2026-09-28
VA,goods.electronics,,True,taxable,{},2024-01-01,,2026-05-18
VA,goods.furniture,,True,taxable,{},2024-01-01,,2026-05-18
VA,goods.general,,True,taxable,{},2024-01-01,,2026-05-18
VA,hygiene.diapers,"Infant/baby diapers and adult incontinence products (briefs, liners, underpads), cloth or disposable.",True,reduced_rate,"{""note"": ""1% rate (state portion removed 2023; 1% local remains); infant + adult."", ""scope"": ""both""}",2026-08-05,https://law.lis.virginia.gov,2026-08-05
VA,hygiene.menstrual,"Menstrual and feminine hygiene products: tampons, sanitary pads, pantyliners, menstrual cups, and period underwear.",True,reduced_rate,"{""note"": ""Reduced to 2.5% in 2020; state portion later cut, leaving 1.0% local-option rate as of 2023.""}",2026-08-05,https://law.lis.virginia.gov,2026-08-05
VA,medical.devices,,False,exempt,{},2024-01-01,,2026-05-18
VA,medical.equipment,"Wheelchairs, hearing aids, prosthetics, durable medical equipment.",True,conditional,"{""note"": ""DME, wheelchairs, prosthetics exempt when purchased on prescription (§58.1-609.10(10))."", ""prescription_required"": true}",2026-05-21,https://law.lis.virginia.gov/vacode/title58.1/chapter6/section58.1-609.10/,2026-05-21
VA,medical.otc,Over-the-counter medications.,False,exempt,"{""note"": ""VA exempts nonprescription drugs and proprietary medicines (§58.1-609.10(14)).""}",2026-05-21,https://law.lis.virginia.gov/vacode/title58.1/chapter6/section58.1-609.10/,2026-05-21
VA,medical.otc_drugs,,False,exempt,{},2024-01-01,,2026-05-18
VA,medical.prescription_drugs,,False,exempt,{},2024-01-01,,2026-05-18
VA,medical.rx,Prescription drugs (typically exempt nationwide).,False,exempt,{},2026-05-21,https://law.lis.virginia.gov/vacode/title58.1/chapter6/section58.1-609.10/,2026-05-21
VA,publications.books,,True,taxable,{},2024-01-01,,2026-05-18
VA,publications.magazines,,True,taxable,{},2024-01-01,,2026-05-18
VA,publications.newspapers,,False,exempt,{},2024-01-01,,2026-05-18
VA,publications.textbooks,"Required course and college textbooks, printed or digital, as distinct from general trade books. Many states exempt these only when sold by a school or to an enrolled student.",True,conditional,"{""note"": ""Exempt when sold to college students by the institution, or by any dealer if the text is certified as required for the course."", ""exempt_if"": ""institution_sold_or_certified_required""}",2026-08-05,https://law.lis.virginia.gov,2026-08-05
VA,services.ai_api,,False,exempt,{},2024-01-01,,2026-05-18
VA,services.data_processing,,False,exempt,{},2024-01-01,,2026-05-18
VA,services.personal_care,,False,exempt,{},2024-01-01,,2026-05-18
VA,services.professional,,False,exempt,{},2024-01-01,,2026-05-18
VA,services.repair,,False,exempt,{},2024-01-01,,2026-05-18
VA,services.web_hosting,,False,exempt,{},2024-01-01,,2026-05-18
VA,software.custom,,False,exempt,{},2024-01-01,,2026-05-18
VA,software.prewritten,,False,exempt,{},2024-01-01,,2026-05-18
VA,software.saas,,False,exempt,{},2024-01-01,,2026-05-18
VT,clothing.accessories,"Handbags, belts, jewelry, watches.",True,taxable,"{""note"": ""Accessories, jewelry, and watches excluded from the clothing exemption.""}",2026-05-21,https://legislature.vermont.gov/statutes/section/32/233/09741,2026-05-21
VT,clothing.athletic,Sports and performance apparel; team uniforms; non-protective athletic gear.,True,conditional,"{""note"": ""Everyday athletic apparel exempt; protective/sports equipment taxable."", ""everyday_use_exempt"": true, ""sport_specific_taxable"": true}",2026-05-21,https://legislature.vermont.gov/statutes/section/32/233/09741,2026-05-21
VT,clothing.formal,"Suits, gowns, ties, dress shirts not for everyday wear.",False,exempt,"{""note"": ""Formal day/evening wear within the clothing exemption.""}",2026-05-21,https://legislature.vermont.gov/statutes/section/32/233/09741,2026-05-21
VT,clothing.general,"Everyday wearing apparel; t-shirts, jeans, dresses, jackets.",False,exempt,"{""note"": ""VT exempts clothing (32 V.S.A. 9741(45)).""}",2026-05-21,https://legislature.vermont.gov/statutes/section/32/233/09741,2026-05-21
VT,clothing.protective,"Helmets, safety boots, protective work gear, hazard equipment.",True,taxable,"{""note"": ""Protective/sports equipment excluded from the clothing exemption.""}",2026-05-21,https://legislature.vermont.gov/statutes/section/32/233/09741,2026-05-21
VT,digital.download,"Permanent-license software, e-books, music downloads, games.",True,taxable,"{""note"": ""Specified digital products and prewritten software downloads taxable (32 V.S.A. 9701).""}",2026-05-21,https://legislature.vermont.gov/statutes/section/32/233/09701,2026-05-21
VT,digital.saas,"Subscription software accessed via the web; CRMs, productivity tools.",False,exempt,"{""note"": ""VT exempts remotely accessed prewritten software / SaaS (32 V.S.A. 9701).""}",2026-05-21,https://legislature.vermont.gov/statutes/section/32/233/09701,2026-05-21
VT,digital.streaming,Streaming services; on-demand video/music with no permanent copy.,True,taxable,"{""note"": ""Specified digital products including streaming taxable.""}",2026-05-21,https://legislature.vermont.gov/statutes/section/32/233/09701,2026-05-21
VT,digital_products.ebook,,True,taxable,{},2024-01-01,,2026-05-18
VT,digital_products.music,,True,taxable,{},2024-01-01,,2026-05-18
VT,digital_products.streaming,,True,taxable,{},2024-01-01,,2026-05-18
VT,digital_products.video,,True,taxable,{},2024-01-01,,2026-05-18
VT,food.bottled_water,"Plain, still, unsweetened, unflavored bottled drinking water (spring, mineral, distilled, or purified) sold in a sealed retail container. Excludes flavored, sweetened, or carbonated water, which is taxed as a soft drink under food.candy_soda.",False,exempt,"{""note"": ""Exempt only if no sweetener is added; carbonation or natural flavoring alone does not make it a taxable soft drink under VT's definition. Sweetened bottled water is taxed as a soft drink (out of scope).""}",2026-08-05,https://tax.vermont.gov/business/industry/soft-drinks,2026-08-05
VT,food.candy,,False,exempt,"{""note"": ""Candy is food and food ingredients, exempt (32 V.S.A. 9741(13)).""}",2024-01-01,https://legislature.vermont.gov/statutes/section/32/233/09701,2026-09-28
VT,food.candy_soda,"Candy, soda, sweetened beverages (often taxed where groceries aren't).",True,conditional,"{""note"": ""VT taxes soft drinks (since 2015); candy is treated as food and exempt."", ""candy_exempt"": true, ""soft_drinks_taxable"": true}",2026-05-21,https://tax.vermont.gov/business/sales-and-use,2026-05-21
VT,food.dietary_supplements,,False,exempt,{},2024-01-01,,2026-05-18
VT,food.grocery,Unprepared groceries; staples; produce; meat; dairy.,False,exempt,"{""note"": ""Food for home consumption exempt; restaurant meals taxable.""}",2026-05-21,https://legislature.vermont.gov/statutes/section/32/233/09741,2026-05-21
VT,food.prepared,"Restaurant meals, takeout, food sold for immediate consumption.",True,taxable,"{""note"": ""Restaurant meals taxable (meals & rooms tax).""}",2026-05-21,https://tax.vermont.gov/business/sales-and-use,2026-05-21
VT,food.soft_drinks,,True,taxable,"{""note"": ""Soft drinks are excluded from food and food ingredients and taxed at 6% since 2015-07-01 (32 V.S.A. 9701(31)); 1% local option tax applies where adopted.""}",2024-01-01,https://legislature.vermont.gov/statutes/section/32/233/09701,2026-09-28
VT,goods.electronics,,True,taxable,{},2024-01-01,,2026-05-18
VT,goods.furniture,,True,taxable,{},2024-01-01,,2026-05-18
VT,goods.general,,True,taxable,{},2024-01-01,,2026-05-18
VT,hygiene.diapers,"Infant/baby diapers and adult incontinence products (briefs, liners, underpads), cloth or disposable.",False,exempt,"{""basis"": ""clothing"", ""scope"": ""both""}",2026-08-05,https://tax.vermont.gov,2026-08-05
VT,hygiene.menstrual,"Menstrual and feminine hygiene products: tampons, sanitary pads, pantyliners, menstrual cups, and period underwear.",False,exempt,{},2026-08-05,https://legislature.vermont.gov,2026-08-05
VT,medical.devices,,False,exempt,{},2024-01-01,,2026-05-18
VT,medical.equipment,"Wheelchairs, hearing aids, prosthetics, durable medical equipment.",True,conditional,"{""note"": ""DME and prosthetics exempt when prescribed (32 V.S.A. 9741)."", ""prescription_required"": true}",2026-05-21,https://legislature.vermont.gov/statutes/section/32/233/09741,2026-05-21
VT,medical.otc,Over-the-counter medications.,False,exempt,"{""note"": ""VT exempts over-the-counter drugs intended for human use (32 V.S.A. 9741(2)).""}",2026-05-21,https://legislature.vermont.gov/statutes/section/32/233/09741,2026-05-21
VT,medical.otc_drugs,,False,exempt,{},2024-01-01,,2026-05-18
VT,medical.prescription_drugs,,False,exempt,{},2024-01-01,,2026-05-18
VT,medical.rx,Prescription drugs (typically exempt nationwide).,False,exempt,{},2026-05-21,https://legislature.vermont.gov/statutes/section/32/233/09741,2026-05-21
VT,publications.books,,True,taxable,{},2024-01-01,,2026-05-18
VT,publications.magazines,,True,taxable,{},2024-01-01,,2026-05-18
VT,publications.newspapers,,False,exempt,{},2024-01-01,,2026-05-18
VT,publications.textbooks,"Required course and college textbooks, printed or digital, as distinct from general trade books. Many states exempt these only when sold by a school or to an enrolled student.",True,conditional,"{""note"": ""Exempt only for textbooks sold by a bookstore on school premises; exact subdivision not primary-sourced."", ""exempt_if"": ""bookstore_on_school_premises""}",2026-08-05,https://tax.vermont.gov,2026-08-05
VT,services.ai_api,,True,taxable,{},2024-01-01,,2026-05-18
VT,services.data_processing,,False,exempt,{},2024-01-01,,2026-05-18
VT,services.personal_care,,False,exempt,{},2024-01-01,,2026-05-18
VT,services.professional,,False,exempt,{},2024-01-01,,2026-05-18
VT,services.repair,,True,taxable,{},2024-01-01,,2026-05-18
VT,services.web_hosting,,False,exempt,{},2024-01-01,,2026-05-18
VT,software.custom,,False,exempt,{},2024-01-01,,2026-05-18
VT,software.prewritten,,True,taxable,{},2024-01-01,,2026-05-18
VT,software.saas,,True,taxable,"{""note"": ""All prewritten software, including remotely accessed (SaaS), is taxable at 6% from 2024-07-01 (Act 183 of 2024); 1% local option tax may apply. Custom software is not taxable.""}",2024-07-01,https://tax.vermont.gov/business-and-corp/sales-and-use-tax/prewritten-computer-software,2026-09-28
WA,clothing.accessories,"Handbags, belts, jewelry, watches.",True,taxable,{},2026-05-21,https://dor.wa.gov/taxes-rates/retail-sales-tax,2026-05-21
WA,clothing.athletic,Sports and performance apparel; team uniforms; non-protective athletic gear.,True,taxable,{},2026-05-21,https://dor.wa.gov/taxes-rates/retail-sales-tax,2026-05-21
WA,clothing.formal,"Suits, gowns, ties, dress shirts not for everyday wear.",True,taxable,{},2026-05-21,https://dor.wa.gov/taxes-rates/retail-sales-tax,2026-05-21
WA,clothing.general,"Everyday wearing apparel; t-shirts, jeans, dresses, jackets.",True,taxable,{},2026-05-21,https://dor.wa.gov/taxes-rates/retail-sales-tax,2026-05-21
WA,clothing.protective,"Helmets, safety boots, protective work gear, hazard equipment.",True,conditional,"{""note"": ""Manufacturing/M&E safety gear may qualify for the M&E exemption; consumer PPE taxable."", ""business_use_exempt"": true}",2026-05-21,https://dor.wa.gov/taxes-rates/retail-sales-tax,2026-05-21
WA,digital.download,"Permanent-license software, e-books, music downloads, games.",True,taxable,"{""note"": ""Digital goods and downloaded software taxable (RCW 82.04.192).""}",2026-05-21,https://dor.wa.gov/education/industry-guides/digital-products,2026-05-21
WA,digital.saas,"Subscription software accessed via the web; CRMs, productivity tools.",True,taxable,"{""note"": ""WA taxes remotely accessed software (RAS) and digital automated services (RCW 82.04.192).""}",2026-05-21,https://dor.wa.gov/education/industry-guides/digital-products,2026-05-21
WA,digital.streaming,Streaming services; on-demand video/music with no permanent copy.,True,taxable,"{""note"": ""Streaming taxed as a digital automated service.""}",2026-05-21,https://dor.wa.gov/education/industry-guides/digital-products,2026-05-21
WA,digital_products.ebook,,True,taxable,{},2024-01-01,,2026-05-18
WA,digital_products.music,,True,taxable,{},2024-01-01,,2026-05-18
WA,digital_products.streaming,,True,taxable,{},2024-01-01,,2026-05-18
WA,digital_products.video,,True,taxable,{},2024-01-01,,2026-05-18
WA,food.bottled_water,"Plain, still, unsweetened, unflavored bottled drinking water (spring, mineral, distilled, or purified) sold in a sealed retail container. Excludes flavored, sweetened, or carbonated water, which is taxed as a soft drink under food.candy_soda.",True,taxable,"{""note"": ""Narrow refund/exemption paths exist for SNAP purchases, buyers with no other potable water source, and prescription use (RCW 82.08.9994 and 82.08.99941); local sales tax also applies.""}",2026-08-05,https://app.leg.wa.gov/rcw/default.aspx?cite=82.08.0293,2026-08-05
WA,food.candy,,False,exempt,"{""note"": ""Candy is exempt food; only prepared food, soft drinks, bottled water and dietary supplements are excluded (RCW 82.08.0293(2)).""}",2024-01-01,https://app.leg.wa.gov/RCW/default.aspx?cite=82.08.0293,2026-09-28
WA,food.candy_soda,"Candy, soda, sweetened beverages (often taxed where groceries aren't).",True,taxable,"{""note"": ""Candy, soft drinks, and dietary supplements excluded from the food exemption.""}",2026-05-21,https://app.leg.wa.gov/rcw/default.aspx?cite=82.08.0293,2026-05-21
WA,food.dietary_supplements,,True,taxable,{},2024-01-01,,2026-05-18
WA,food.grocery,Unprepared groceries; staples; produce; meat; dairy.,False,exempt,"{""note"": ""Food and food ingredients exempt (RCW 82.08.0293).""}",2026-05-21,https://app.leg.wa.gov/rcw/default.aspx?cite=82.08.0293,2026-05-21
WA,food.prepared,"Restaurant meals, takeout, food sold for immediate consumption.",True,taxable,{},2026-05-21,https://app.leg.wa.gov/rcw/default.aspx?cite=82.08.0293,2026-05-21
WA,food.soft_drinks,,True,taxable,{},2024-01-01,,2026-05-18
WA,goods.electronics,,True,taxable,{},2024-01-01,,2026-05-18
WA,goods.furniture,,True,taxable,{},2024-01-01,,2026-05-18
WA,goods.general,,True,taxable,{},2024-01-01,,2026-05-18
WA,hygiene.diapers,"Infant/baby diapers and adult incontinence products (briefs, liners, underpads), cloth or disposable.",True,taxable,"{""note"": ""Exemption enacted but not effective until 2029-01-01; taxable in 2026.""}",2026-08-05,,2026-05-18
WA,hygiene.menstrual,"Menstrual and feminine hygiene products: tampons, sanitary pads, pantyliners, menstrual cups, and period underwear.",False,exempt,{},2026-08-05,https://app.leg.wa.gov,2026-08-05
WA,medical.devices,,False,exempt,{},2024-01-01,,2026-05-18
WA,medical.equipment,"Wheelchairs, hearing aids, prosthetics, durable medical equipment.",True,conditional,"{""note"": ""Prosthetic devices and DME for home use exempt when prescribed (RCW 82.08.0283)."", ""prescription_required"": true}",2026-05-21,https://app.leg.wa.gov/rcw/default.aspx?cite=82.08.0283,2026-05-21
WA,medical.otc,Over-the-counter medications.,True,taxable,"{""note"": ""OTC taxable unless dispensed by prescription.""}",2026-05-21,https://app.leg.wa.gov/rcw/default.aspx?cite=82.08.0281,2026-05-21
WA,medical.otc_drugs,,True,taxable,{},2024-01-01,,2026-05-18
WA,medical.prescription_drugs,,False,exempt,{},2024-01-01,,2026-05-18
WA,medical.rx,Prescription drugs (typically exempt nationwide).,False,exempt,{},2026-05-21,https://app.leg.wa.gov/rcw/default.aspx?cite=82.08.0281,2026-05-21
WA,publications.books,,True,taxable,{},2024-01-01,,2026-05-18
WA,publications.magazines,,True,taxable,{},2024-01-01,,2026-05-18
WA,publications.newspapers,,False,exempt,{},2024-01-01,,2026-05-18
WA,publications.textbooks,"Required course and college textbooks, printed or digital, as distinct from general trade books. Many states exempt these only when sold by a school or to an enrolled student.",True,taxable,{},2026-08-05,,2026-05-18
WA,services.ai_api,,True,taxable,{},2024-01-01,,2026-05-18
WA,services.data_processing,,True,taxable,"{""note"": ""Data processing is a retail IT service from 2025-10-01 (ESSB 5814, RCW 82.04.050(3)(g)); there is no business-buyer exclusion. Sales between members of an affiliated group are excluded (RCW 82.04.050(17)).""}",2025-10-01,https://dor.wa.gov/laws-rules/interim_guidance_statements/interim-guidance-statement-regarding-changes-made-essb-5814-information-technology-services,2026-09-28
WA,services.personal_care,,True,taxable,{},2024-01-01,,2026-05-18
WA,services.professional,,False,exempt,{},2024-01-01,,2026-05-18
WA,services.repair,,True,taxable,{},2024-01-01,,2026-05-18
WA,services.web_hosting,,False,exempt,"{""note"": ""Web hosting (providing server space) is not a retail sale; it is subject to B&O tax only (RCW 82.04.192(3)(b)), and ESSB 5814 excludes it from IT services. Optional premium services beyond storage or hosting can be taxable digital automated services (WAC 458-20-15503).""}",2024-01-01,https://app.leg.wa.gov/RCW/default.aspx?cite=82.04.192,2026-09-28
WA,software.custom,,True,taxable,"{""note"": ""Custom software and customization of prewritten software are retail sales from 2025-10-01 (ESSB 5814, RCW 82.04.050(6)). Sales between members of an affiliated group are excluded (RCW 82.04.050(17), retroactive to 2025-10-01). ESSB 6346 (2026) repeals this from 2029-01-01, contingent on its income tax surviving court review.""}",2025-10-01,https://dor.wa.gov/laws-rules/interim_guidance_statements/interim-guidance-statement-regarding-changes-made-essb-5814-custom-software,2026-09-28
WA,software.prewritten,,True,taxable,{},2024-01-01,,2026-05-18
WA,software.saas,,True,taxable,{},2024-01-01,,2026-05-18
WI,clothing.accessories,"Handbags, belts, jewelry, watches.",True,taxable,{},2026-05-21,https://www.revenue.wi.gov/Pages/FAQS/pcs-taxablesales.aspx,2026-05-21
WI,clothing.athletic,Sports and performance apparel; team uniforms; non-protective athletic gear.,True,taxable,{},2026-05-21,https://www.revenue.wi.gov/Pages/FAQS/pcs-taxablesales.aspx,2026-05-21
WI,clothing.formal,"Suits, gowns, ties, dress shirts not for everyday wear.",True,taxable,{},2026-05-21,https://www.revenue.wi.gov/Pages/FAQS/pcs-taxablesales.aspx,2026-05-21
WI,clothing.general,"Everyday wearing apparel; t-shirts, jeans, dresses, jackets.",True,taxable,{},2026-05-21,https://www.revenue.wi.gov/Pages/FAQS/pcs-taxablesales.aspx,2026-05-21
WI,clothing.protective,"Helmets, safety boots, protective work gear, hazard equipment.",True,taxable,"{""note"": ""Manufacturing safety equipment may qualify for the manufacturing exemption.""}",2026-05-21,https://www.revenue.wi.gov/Pages/FAQS/pcs-taxablesales.aspx,2026-05-21
WI,digital.download,"Permanent-license software, e-books, music downloads, games.",True,taxable,"{""note"": ""Prewritten software downloads and specified digital goods taxable (Wis. Stat. 77.52).""}",2026-05-21,https://www.revenue.wi.gov/DOR%20Publications/pb240.pdf,2026-05-21
WI,digital.saas,"Subscription software accessed via the web; CRMs, productivity tools.",False,exempt,"{""note"": ""WI does not tax remotely accessed software / SaaS (Pub 240).""}",2026-05-21,https://www.revenue.wi.gov/DOR%20Publications/pb240.pdf,2026-05-21
WI,digital.streaming,Streaming services; on-demand video/music with no permanent copy.,True,taxable,"{""note"": ""Digital audiovisual works including streaming taxable.""}",2026-05-21,https://www.revenue.wi.gov/DOR%20Publications/pb240.pdf,2026-05-21
WI,digital_products.ebook,,True,taxable,{},2024-01-01,,2026-05-18
WI,digital_products.music,,True,taxable,{},2024-01-01,,2026-05-18
WI,digital_products.streaming,,True,taxable,{},2024-01-01,,2026-05-18
WI,digital_products.video,,True,taxable,{},2024-01-01,,2026-05-18
WI,food.bottled_water,"Plain, still, unsweetened, unflavored bottled drinking water (spring, mineral, distilled, or purified) sold in a sealed retail container. Excludes flavored, sweetened, or carbonated water, which is taxed as a soft drink under food.candy_soda.",False,exempt,"{""note"": ""Exemption applies only to bottled water that is not carbonated, sweetened, or flavored; sweetened/flavored/carbonated bottled water is taxed as a soft drink (out of scope).""}",2026-08-05,https://docs.legis.wisconsin.gov/statutes/statutes/77/III/54/20n,2026-08-05
WI,food.candy,,True,taxable,{},2024-01-01,,2026-05-18
WI,food.candy_soda,"Candy, soda, sweetened beverages (often taxed where groceries aren't).",True,taxable,"{""note"": ""Candy and soft drinks excluded from the food exemption (taxable).""}",2026-05-21,https://www.revenue.wi.gov/Pages/FAQS/pcs-food.aspx,2026-05-21
WI,food.dietary_supplements,,True,taxable,{},2024-01-01,,2026-05-18
WI,food.grocery,Unprepared groceries; staples; produce; meat; dairy.,False,exempt,"{""note"": ""Food and food ingredients exempt; prepared food taxable.""}",2026-05-21,https://www.revenue.wi.gov/Pages/FAQS/pcs-food.aspx,2026-05-21
WI,food.prepared,"Restaurant meals, takeout, food sold for immediate consumption.",True,taxable,{},2026-05-21,https://www.revenue.wi.gov/Pages/FAQS/pcs-food.aspx,2026-05-21
WI,food.soft_drinks,,True,taxable,{},2024-01-01,,2026-05-18
WI,goods.electronics,,True,taxable,{},2024-01-01,,2026-05-18
WI,goods.furniture,,True,taxable,{},2024-01-01,,2026-05-18
WI,goods.general,,True,taxable,{},2024-01-01,,2026-05-18
WI,hygiene.diapers,"Infant/baby diapers and adult incontinence products (briefs, liners, underpads), cloth or disposable.",True,taxable,"{""note"": ""AB 177 / SB 114 pending, not enacted.""}",2026-08-05,,2026-05-18
WI,hygiene.menstrual,"Menstrual and feminine hygiene products: tampons, sanitary pads, pantyliners, menstrual cups, and period underwear.",True,taxable,"{""note"": ""2026 bill pending, not effective.""}",2026-08-05,,2026-05-18
WI,medical.devices,,False,exempt,{},2024-01-01,,2026-05-18
WI,medical.equipment,"Wheelchairs, hearing aids, prosthetics, durable medical equipment.",True,conditional,"{""note"": ""DME and prosthetics exempt when prescribed (Wis. Stat. 77.54(22m))."", ""prescription_required"": true}",2026-05-21,https://docs.legis.wisconsin.gov/statutes/statutes/77/iii/54,2026-05-21
WI,medical.otc,Over-the-counter medications.,True,taxable,"{""note"": ""OTC taxable unless dispensed by prescription.""}",2026-05-21,https://docs.legis.wisconsin.gov/statutes/statutes/77/iii/54,2026-05-21
WI,medical.otc_drugs,,True,taxable,{},2024-01-01,,2026-05-18
WI,medical.prescription_drugs,,False,exempt,{},2024-01-01,,2026-05-18
WI,medical.rx,Prescription drugs (typically exempt nationwide).,False,exempt,{},2026-05-21,https://docs.legis.wisconsin.gov/statutes/statutes/77/iii/54,2026-05-21
WI,publications.books,,True,taxable,{},2024-01-01,,2026-05-18
WI,publications.magazines,,True,taxable,{},2024-01-01,,2026-05-18
WI,publications.newspapers,,False,exempt,{},2024-01-01,,2026-05-18
WI,publications.textbooks,"Required course and college textbooks, printed or digital, as distinct from general trade books. Many states exempt these only when sold by a school or to an enrolled student.",True,conditional,"{""note"": ""College textbooks taxable; only K-12 school-sold textbooks exempt."", ""exempt_if"": ""sold_by_k12_school""}",2026-08-05,https://www.revenue.wi.gov,2026-08-05
WI,services.ai_api,,False,exempt,{},2024-01-01,,2026-05-18
WI,services.data_processing,,False,exempt,{},2024-01-01,,2026-05-18
WI,services.personal_care,,False,exempt,{},2024-01-01,,2026-05-18
WI,services.professional,,False,exempt,{},2024-01-01,,2026-05-18
WI,services.repair,,True,taxable,{},2024-01-01,,2026-05-18
WI,services.web_hosting,,False,exempt,{},2024-01-01,,2026-05-18
WI,software.custom,,False,exempt,{},2024-01-01,,2026-05-18
WI,software.prewritten,,True,taxable,{},2024-01-01,,2026-05-18
WI,software.saas,,False,exempt,{},2024-01-01,,2026-05-18
WV,clothing.accessories,"Handbags, belts, jewelry, watches.",True,taxable,{},2026-05-21,https://tax.wv.gov/Business/SalesAndUseTax/Pages/SalesAndUseTax.aspx,2026-05-21
WV,clothing.athletic,Sports and performance apparel; team uniforms; non-protective athletic gear.,True,taxable,{},2026-05-21,https://tax.wv.gov/Business/SalesAndUseTax/Pages/SalesAndUseTax.aspx,2026-05-21
WV,clothing.formal,"Suits, gowns, ties, dress shirts not for everyday wear.",True,taxable,{},2026-05-21,https://tax.wv.gov/Business/SalesAndUseTax/Pages/SalesAndUseTax.aspx,2026-05-21
WV,clothing.general,"Everyday wearing apparel; t-shirts, jeans, dresses, jackets.",True,taxable,{},2026-05-21,https://tax.wv.gov/Business/SalesAndUseTax/Pages/SalesAndUseTax.aspx,2026-05-21
WV,clothing.protective,"Helmets, safety boots, protective work gear, hazard equipment.",True,taxable,"{""note"": ""Manufacturing equipment may qualify for the direct-use exemption.""}",2026-05-21,https://tax.wv.gov/Business/SalesAndUseTax/Pages/SalesAndUseTax.aspx,2026-05-21
WV,digital.download,"Permanent-license software, e-books, music downloads, games.",True,taxable,"{""note"": ""Prewritten software and digital products taxable.""}",2026-05-21,https://tax.wv.gov/Business/SalesAndUseTax/Pages/SalesAndUseTax.aspx,2026-05-21
WV,digital.saas,"Subscription software accessed via the web; CRMs, productivity tools.",True,taxable,"{""note"": ""West Virginia has a broad services base; SaaS and electronic data services are taxable unless specifically exempt.""}",2026-05-21,https://tax.wv.gov/Business/SalesAndUseTax/Pages/SalesAndUseTax.aspx,2026-05-21
WV,digital.streaming,Streaming services; on-demand video/music with no permanent copy.,True,taxable,"{""note"": ""Streaming services taxable under WV's broad base.""}",2026-05-21,https://tax.wv.gov/Business/SalesAndUseTax/Pages/SalesAndUseTax.aspx,2026-05-21
WV,digital_products.ebook,,False,exempt,{},2024-01-01,,2026-05-18
WV,digital_products.music,,False,exempt,{},2024-01-01,,2026-05-18
WV,digital_products.streaming,,False,exempt,{},2024-01-01,,2026-05-18
WV,digital_products.video,,False,exempt,{},2024-01-01,,2026-05-18
WV,food.bottled_water,"Plain, still, unsweetened, unflavored bottled drinking water (spring, mineral, distilled, or purified) sold in a sealed retail container. Excludes flavored, sweetened, or carbonated water, which is taxed as a soft drink under food.candy_soda.",False,exempt,"{""note"": ""Plain unsweetened bottled water is food and food ingredients (W. Va. Code 11-15B-2, not excluded) and is not a soft drink (no added sweetener), so it follows WV's food exemption. SST Taxability Matrix not directly readable at curation; the statutory definitions are dispositive."", ""basis"": ""food_and_food_ingredients""}",2026-08-05,https://code.wvlegislature.gov/11-15B-2/,2026-08-05
WV,food.candy,,False,exempt,"{""note"": ""Candy is food and food ingredients, untaxed since 2013-07-01 (11-15-3a, 11-15B-2); municipal tax follows.""}",2024-01-01,https://code.wvlegislature.gov/11-15-3B/,2026-09-28
WV,food.candy_soda,"Candy, soda, sweetened beverages (often taxed where groceries aren't).",True,taxable,"{""note"": ""Candy and soft drinks excluded from the food exemption (taxable).""}",2026-05-21,https://tax.wv.gov/Business/SalesAndUseTax/Pages/SalesAndUseTax.aspx,2026-05-21
WV,food.dietary_supplements,,False,exempt,{},2024-01-01,,2026-05-18
WV,food.grocery,Unprepared groceries; staples; produce; meat; dairy.,False,exempt,"{""note"": ""Food and food ingredients exempt (W. Va. Code 11-15-9); prepared food taxable.""}",2026-05-21,https://tax.wv.gov/Business/SalesAndUseTax/Pages/SalesAndUseTax.aspx,2026-05-21
WV,food.prepared,"Restaurant meals, takeout, food sold for immediate consumption.",True,taxable,{},2026-05-21,https://tax.wv.gov/Business/SalesAndUseTax/Pages/SalesAndUseTax.aspx,2026-05-21
WV,food.soft_drinks,,True,taxable,{},2024-01-01,,2026-05-18
WV,goods.electronics,,True,taxable,{},2024-01-01,,2026-05-18
WV,goods.furniture,,True,taxable,{},2024-01-01,,2026-05-18
WV,goods.general,,True,taxable,{},2024-01-01,,2026-05-18
WV,hygiene.diapers,"Infant/baby diapers and adult incontinence products (briefs, liners, underpads), cloth or disposable.",True,taxable,"{""note"": ""HB 3447 proposed exemption, not enacted.""}",2026-08-05,,2026-05-18
WV,hygiene.menstrual,"Menstrual and feminine hygiene products: tampons, sanitary pads, pantyliners, menstrual cups, and period underwear.",True,taxable,"{""note"": ""2026 bill pending, not effective.""}",2026-08-05,,2026-05-18
WV,medical.devices,,False,exempt,{},2024-01-01,,2026-05-18
WV,medical.equipment,"Wheelchairs, hearing aids, prosthetics, durable medical equipment.",True,conditional,"{""note"": ""DME and prosthetics exempt when prescribed (W. Va. Code 11-15-9)."", ""prescription_required"": true}",2026-05-21,https://tax.wv.gov/Business/SalesAndUseTax/Pages/SalesAndUseTax.aspx,2026-05-21
WV,medical.otc,Over-the-counter medications.,True,taxable,"{""note"": ""OTC taxable unless dispensed by prescription.""}",2026-05-21,https://tax.wv.gov/Business/SalesAndUseTax/Pages/SalesAndUseTax.aspx,2026-05-21
WV,medical.otc_drugs,,True,taxable,{},2024-01-01,,2026-05-18
WV,medical.prescription_drugs,,False,exempt,{},2024-01-01,,2026-05-18
WV,medical.rx,Prescription drugs (typically exempt nationwide).,False,exempt,{},2026-05-21,https://tax.wv.gov/Business/SalesAndUseTax/Pages/SalesAndUseTax.aspx,2026-05-21
WV,publications.books,,True,taxable,{},2024-01-01,,2026-05-18
WV,publications.magazines,,True,taxable,{},2024-01-01,,2026-05-18
WV,publications.newspapers,,False,exempt,{},2024-01-01,,2026-05-18
WV,publications.textbooks,"Required course and college textbooks, printed or digital, as distinct from general trade books. Many states exempt these only when sold by a school or to an enrolled student.",True,conditional,"{""note"": ""Textbooks required for use in WV schools/qualifying institutions (incl. colleges) exempt, whether sold to the school or the student."", ""exempt_if"": ""required_for_wv_school_incl_college""}",2026-08-05,https://code.wvlegislature.gov,2026-08-05
WV,services.ai_api,,True,taxable,{},2024-01-01,,2026-05-18
WV,services.data_processing,,True,taxable,{},2024-01-01,,2026-05-18
WV,services.personal_care,,True,taxable,{},2024-01-01,,2026-05-18
WV,services.professional,,True,taxable,{},2024-01-01,,2026-05-18
WV,services.repair,,True,taxable,{},2024-01-01,,2026-05-18
WV,services.web_hosting,,True,taxable,{},2024-01-01,,2026-05-18
WV,software.custom,,True,taxable,{},2024-01-01,,2026-05-18
WV,software.prewritten,,True,taxable,{},2024-01-01,,2026-05-18
WV,software.saas,,True,taxable,{},2024-01-01,,2026-05-18
WY,clothing.accessories,"Handbags, belts, jewelry, watches.",True,taxable,{},2026-05-21,https://revenue.wyo.gov/divisions/excise-tax-division,2026-05-21
WY,clothing.athletic,Sports and performance apparel; team uniforms; non-protective athletic gear.,True,taxable,{},2026-05-21,https://revenue.wyo.gov/divisions/excise-tax-division,2026-05-21
WY,clothing.formal,"Suits, gowns, ties, dress shirts not for everyday wear.",True,taxable,{},2026-05-21,https://revenue.wyo.gov/divisions/excise-tax-division,2026-05-21
WY,clothing.general,"Everyday wearing apparel; t-shirts, jeans, dresses, jackets.",True,taxable,{},2026-05-21,https://revenue.wyo.gov/divisions/excise-tax-division,2026-05-21
WY,clothing.protective,"Helmets, safety boots, protective work gear, hazard equipment.",True,conditional,"{""note"": ""Manufacturing equipment may qualify; consumer PPE taxable."", ""business_use_exempt"": true}",2026-05-21,https://revenue.wyo.gov/divisions/excise-tax-division,2026-05-21
WY,digital.download,"Permanent-license software, e-books, music downloads, games.",True,conditional,"{""note"": ""Prewritten software taxable regardless of delivery; other digital goods (music, e-books, video) not taxed in WY."", ""other_digital_exempt"": true, ""prewritten_software_taxable"": true}",2026-05-21,https://revenue.wyo.gov/divisions/excise-tax-division,2026-05-21
WY,digital.saas,"Subscription software accessed via the web; CRMs, productivity tools.",False,exempt,"{""note"": ""Wyoming does not tax remotely accessed software / SaaS.""}",2026-05-21,https://revenue.wyo.gov/divisions/excise-tax-division,2026-05-21
WY,digital.streaming,Streaming services; on-demand video/music with no permanent copy.,False,exempt,"{""note"": ""Wyoming does not tax streaming / non-software digital goods.""}",2026-05-21,https://revenue.wyo.gov/divisions/excise-tax-division,2026-05-21
WY,digital_products.ebook,,True,taxable,{},2024-01-01,,2026-05-18
WY,digital_products.music,,True,taxable,{},2024-01-01,,2026-05-18
WY,digital_products.streaming,,True,taxable,{},2024-01-01,,2026-05-18
WY,digital_products.video,,True,taxable,{},2024-01-01,,2026-05-18
WY,food.bottled_water,"Plain, still, unsweetened, unflavored bottled drinking water (spring, mineral, distilled, or purified) sold in a sealed retail container. Excludes flavored, sweetened, or carbonated water, which is taxed as a soft drink under food.candy_soda.",False,exempt,"{""note"": ""Applies to sealed bottled water sold for off-premises/home consumption; prepared, heated, or on-premises food is taxed separately; local option sales taxes may still apply. No WA-style bottled-water carve-out was found in statute.""}",2026-08-05,https://law.justia.com/codes/wyoming/2022/title-39/chapter-15/article-1/section-39-15-105/,2026-08-05
WY,food.candy,,False,exempt,"{""note"": ""Candy is food for domestic home consumption, exempt from state and local tax (39-15-105).""}",2024-01-01,https://wyoleg.gov/statutes/compress/title39.pdf,2026-09-28
WY,food.candy_soda,"Candy, soda, sweetened beverages (often taxed where groceries aren't).",True,taxable,"{""note"": ""Candy and soft drinks excluded from the food exemption (taxable).""}",2026-05-21,https://revenue.wyo.gov/divisions/excise-tax-division,2026-05-21
WY,food.dietary_supplements,,False,exempt,{},2024-01-01,,2026-05-18
WY,food.grocery,Unprepared groceries; staples; produce; meat; dairy.,False,exempt,"{""note"": ""Food for domestic home consumption exempt (Wyo. Stat. 39-15-105); prepared food taxable.""}",2026-05-21,https://revenue.wyo.gov/divisions/excise-tax-division,2026-05-21
WY,food.prepared,"Restaurant meals, takeout, food sold for immediate consumption.",True,taxable,{},2026-05-21,https://revenue.wyo.gov/divisions/excise-tax-division,2026-05-21
WY,food.soft_drinks,,False,exempt,"{""note"": ""Soft drinks are food for domestic home consumption, exempt from state and local tax (39-15-105).""}",2024-01-01,https://wyoleg.gov/statutes/compress/title39.pdf,2026-09-28
WY,goods.electronics,,True,taxable,{},2024-01-01,,2026-05-18
WY,goods.furniture,,True,taxable,{},2024-01-01,,2026-05-18
WY,goods.general,,True,taxable,{},2024-01-01,,2026-05-18
WY,hygiene.diapers,"Infant/baby diapers and adult incontinence products (briefs, liners, underpads), cloth or disposable.",True,taxable,{},2026-08-05,,2026-05-18
WY,hygiene.menstrual,"Menstrual and feminine hygiene products: tampons, sanitary pads, pantyliners, menstrual cups, and period underwear.",True,taxable,{},2026-08-05,,2026-05-18
WY,medical.devices,,False,exempt,{},2024-01-01,,2026-05-18
WY,medical.equipment,"Wheelchairs, hearing aids, prosthetics, durable medical equipment.",True,conditional,"{""note"": ""DME and prosthetics exempt when prescribed (Wyo. Stat. 39-15-105)."", ""prescription_required"": true}",2026-05-21,https://revenue.wyo.gov/divisions/excise-tax-division,2026-05-21
WY,medical.otc,Over-the-counter medications.,True,taxable,"{""note"": ""OTC taxable unless dispensed by prescription.""}",2026-05-21,https://revenue.wyo.gov/divisions/excise-tax-division,2026-05-21
WY,medical.otc_drugs,,True,taxable,{},2024-01-01,,2026-05-18
WY,medical.prescription_drugs,,False,exempt,{},2024-01-01,,2026-05-18
WY,medical.rx,Prescription drugs (typically exempt nationwide).,False,exempt,{},2026-05-21,https://revenue.wyo.gov/divisions/excise-tax-division,2026-05-21
WY,publications.books,,True,taxable,{},2024-01-01,,2026-05-18
WY,publications.magazines,,True,taxable,{},2024-01-01,,2026-05-18
WY,publications.newspapers,,False,exempt,{},2024-01-01,,2026-05-18
WY,publications.textbooks,"Required course and college textbooks, printed or digital, as distinct from general trade books. Many states exempt these only when sold by a school or to an enrolled student.",True,taxable,{},2026-08-05,,2026-05-18
WY,services.ai_api,,False,exempt,{},2024-01-01,,2026-05-18
WY,services.data_processing,,False,exempt,{},2024-01-01,,2026-05-18
WY,services.personal_care,,False,exempt,{},2024-01-01,,2026-05-18
WY,services.professional,,False,exempt,{},2024-01-01,,2026-05-18
WY,services.repair,,True,taxable,{},2024-01-01,,2026-05-18
WY,services.web_hosting,,False,exempt,{},2024-01-01,,2026-05-18
WY,software.custom,,False,exempt,{},2024-01-01,,2026-05-18
WY,software.prewritten,,True,taxable,{},2024-01-01,,2026-05-18
WY,software.saas,,False,exempt,{},2024-01-01,,2026-05-18
